#,Adoption,독신자 입양,"우리나라에서 독신자는 현재 입양을 하기 매우 어렵습니다. 과거에는 독신자가 부모 역할을 하기 힘들기는 했지만, 시대가 변함에 따라 육아와 직장생활의 병행은 충분히 흔한 일이 되었습니다. 이에 아이를 배우자를 만들기 어렵거나 그럴 생각이 없지만 아이를 키우기를 원하는 사람들이 입양자격을 완화해야 한다고 주장하고 있습니다."
#,Adoption_0,입양자격 변경,"독신자에게도 부부와 동일하게 입양을 할 자격이 주어져야 합니다. 독신자들을 위해 입양자격을 완화하고 보육 지원과 유연근로제를 강화한다면 독신자들도 충분히 아이를 사랑으로 잘 양육할 수 있을겁니다."
#,Adoption_1,입양자격 유지,"입양된 아이들은 안정적인 가정과 두 명의 부모가 필요합니다. 아이를 잘 키울 수 있는 독신자 부모가 없지는 않겠지만, 그렇지 못한 상황도 충분히 있을 것이고 이는 입양된 아이들에게 해가 될 수 있습니다."
#,AgeBasedDrivingTests,연령기반 운전면허 갱신시험,노년층의 안전운전을 보장하려는 목적으로 정기적인 운전면허 갱신시험을 실시해야 한다는 제안이 올라왔습니다. 이는 교통사고를 줄이는 도로안전 대책이 될 수 있습니다.
#,AgeBasedDrivingTests_0,갱신시험 도입,"사람이 나이를 먹을수록 시력이 감퇴하고 반응속도가 느려지는 것은 누구도 피할 수 없는 사실이고, 노년층 운전자는 다른 운전자 뿐만 아니라 길을 다니는 아이들에게도 위험할 수 있습니다. 노년층 운전자의 반대가 있을 수 있지만, 이는 우리 모두의 안전을 위한 일입니다. 정말 자신이 운전을 제대로 할 수 있는 사람이라면 갱신시험에 반대할 이유가 없습니다."
#,AgeBasedDrivingTests_1,단일시험 유지,"솔직히 노년층 운전자는 교통사고를 그렇게 많이 내지 않습니다. 노년층 운전자는 음주나 약물사용 후 운전을 하는 등의 무책임한 행태가 훨씬 덜하고, 운전경력 역시 길기 마련입니다. 그러니 모든 노년층 운전자에게 아직 운전이 가능한지 증명해 보이라는 것은 모욕적인 행태입니다. 무책임하고 위험한 운전자를 잡아내는 데에는 경찰과 교통단속 카메라면 충분합니다."
#,Airport,공항 교통연결,"수도 근교에 신공항을 건설하자는 계획이 통과되었습니다. 도심지에서 근교의 신공항까지를 연결할 교통 수단으로 무엇을 선택하시겠습니까?"
#,Airport_0,자동차,"대중교통이 좋은 점도 있지만, 사람들이 운전해서 가는 편을 선호한다는 점은 잘 아실겁니다. 그러니 도심지에서 신공항까지 직통도로를 뚫어야 합니다. 운전을 하지 못하는 사람은 택시를 타면 괜찮을겁니다."
#,Airport_1,버스,"공항 자체만 해도 환경오염과 소음이 심각한 수준으로 올라갑니다. 상황을 더 악화시키는 대신 버스 교통체계를 이용합시다. 버스는 오염물질 배출도 적고 교통체증도 적게 발생시키는 효율적인 방안입니다."
#,AirportExpansion,공항 확장,일부 대형공항들이 공항 확장계획의 허가를 요청해 왔습니다. 현재 착륙편 비행기의 수용능력이 포화상태에 이르렀다고 합니다.
#,AirportExpansion_0,확장계획 승인,"국내 관광산업은 항공편으로 오는 해외 관광객들에 의존도가 매우 높은 편이고, 공항 수용능력을 늘려 관광을 활성화시킬 수 있다면 고용과 GDP 지표를 개선할 수 있을겁니다. 제때 공항 수용능력을 확보하려면 지금 바로 확장에 나서야 합니다."
#,AirportExpansion_1,확장계획 반려,"항공편이 늘어나면 늘어날수록 대기오염과 소음공해 문제가 악화되는 만큼, 항공기 이용량을 더 늘려서는 안됩니다. 그리고 확장계획을 보면 수많은 주택을 철거해야 하고 인근의 수많은 주민들이 큰 불편을 겪을 것임은 분명합니다. 확장계획을 반려해야 합니다!"
#,AirportExpansion_2,결정 연기,"결정이 참 쉽지가 않습니다. 그런데 솔직히 말해서 꼭 올해 안에 결정해야만 하는건 아닙니다. 우유부단하다 소리를 듣더라도 결정을 연기하는 편이 나을지도 모릅니다. 그냥 선거 뒤로 미뤄버리면 어떻겠습니까?"
#,AllowForeignFightersToReturn,국제테러단체원 귀국허용,"국내에 거주하던 종교 신도 일부가 해외에서 벌어지고 있는 성전에 참가하겠다며 출국했던 일이 있습니다. 그 '성전'입네 하는 전쟁은 그동안 우리의 전략적 이익과 안보에 다방면으로 해가 되어 왔고, 최근에야 종전이 이루어졌습니다. 이제 그 '성전'에 참여했던 전투원 일부가 자신의 행동을 반성했다며 귀국하고 싶다는 의사를 밝혀왔습니다."
#,AllowForeignFightersToReturn_0,귀국 불허,"우리나라 시민이 우리의 적에게 가담해 싸울 목적으로 출국했다면 당연히 시민권과 거주권이 일체 박탈되어야 합니다. 저들에게 귀국은 절대로 허용해선 안되며 재판을 받을 기회 역시 주어져선 안됩니다. 우리 군과 정보기관에서 나라를 위해 헌신하는 국민들에 대한 모독입니다."
#,AllowForeignFightersToReturn_1,귀국 허용,"우리 국민이 해외에서 범죄를 저지르거나 심지어 무기를 들고 우리나라에 대항했을지라도 여전히 우리 국민으로 받아들여야 한다는 원칙은 좀 불편하게 느껴질 수 있지만 지켜져야 합니다. 입국하는 즉시 저들을 기소해 재판을 받게 하되, 그저 우리가 불편하다는 이유로 시민권을 박탈해선 안됩니다."
#,AppointAmbassador,주유엔대사 지명,현직 주유엔대사가 올해 은퇴할 예정인만큼 조속히 후임자를 지명해야 합니다. 국가를 위해 물러서지 않는 강경파를 지명할지 아니면 협상에 능한 인물을 지명할지가 핵심 쟁점이 될 것 같습니다.
#,AppointAmbassador_0,Tonya Robinson 지명,"Tonya Robinson은 유엔에서 우리나라의 이익을 대변해 이악물고 싸울 애국자라는 평이 자자합니다. 지금까지 대외원조를 강하게 반대하고 보호관세를 지지해온 만큼 애국자와 보수적 유권자에게 잘 어필할 수 있는 선택입니다. 다만 국제사회에서는 별로 인지도가 높지는 않습니다."
#,AppointAmbassador_1,Dennis Gonzales 지명,"Dennis Gonzales는 국제 무대에서 인지도가 높고 난해한 문제도 협상과 상호이해로 잘 풀어나갈 수 있는 인물로 명성이 자자합니다. 진정한 국제주의자로 국내에서 진보주의자와 사회주의자에게 지지를 받고 있으며, 다른 세계 지도자들도 내심 이쪽을 기대하는 분위기입니다."
#,AppointJudge,대법관 지명,"존경받던 선임대법관이 최근 서거해 대법관 후보자들 중 누구를 후임자로 할지 지명해야 합니다. 이번에 지명하면 앞으로 상당기간을 대법관석에 앉아있게 되는만큼 아주 중요한 결정이 될 것입니다."
#,AppointJudge_0,Edgar Lopez 지명,"Edgar Lopez는 그동안 국민의 기본권과 자유를 수호하는 수많은 기념비적인 판결을 내려 인권 보장에 힘써온 법관입니다. 또한 소비자 운동에도 크게 호의적인 입장을 보여왔고, 대기업을 상대로도 굽히지 않는 태도를 가졌다고 평가됩니다."
#,AppointJudge_1,Alice Reed 지명,"Alice Reed는 강력범죄 사건에 내린 여러 판결을 통해 유명해진 법관으로, 도둑, 강도, 소매치기 등에 중형을 선고해야 한다는 견해를 거침없이 표현해 인지도가 높습니다."
#,AttendGayWedding,동성결혼식 참석,"이번에 초인기 연예인의 결혼식에 각하께서 초대받으셨습니다. 보통 이런게 논란거리가 될 일은 없지만, 이번 결혼식의 주인공은 동성 커플이고 평소에도 성소수자 권리를 옹호하는 발언으로 이목을 끌었습니다. 참석하시겠습니까?"
#,AttendGayWedding_0,결혼식 참석,"당연히 결혼식에 당당하게 참석하셔서 초대 감사인사까지 하고 오셔야 합니다. 지금은 21세기고, 결혼하는 커플의 성적 지향을 걸고 넘어지면서 정치인이 그런 결혼식에 참석했다고 뭐라 하는 사람이 있다면 그 사람이 시대에 뒤떨어진겁니다. 이게 논쟁거리 취급을 받는게 정말이지 부끄러운 일입니다."
#,AttendGayWedding_1,불참,"신랑 신부와 얼마나 가깝건 간에, 정치인이 모든 연예인 결혼식에 꼭 나와줘야 한다는 법은 없습니다. 원래 나라를 다스린다는 것이 쉴 틈도 없는 일인 만큼, 결혼식 당일에 적당히 중요한 일정 하나쯤만 있다면야 불참해도 다들 그러려니 할겁니다."
#,AttendLGBTPlay,성소수자 연극 참석,"국내 최대 극장에서 호평을 받으며 큰 인기를 끌고 있는 연극이 공연중에 있는데, 감독이 각하를 공연에 초대하겠다고 했습니다. 이런게 보통 논란에 오르지는 않지만, 이 연극의 주제는 바로 우리 사회가 성소수자 공동체를 대하는 태도에 대한 비판입니다. 연극에 참석하신다면 성소수자 운동에 강한 지지를 보내는 것으로 해석될 가능성이 높습니다."
#,AttendLGBTPlay_0,연극 참석,"이보다도 쉽게 정치적 이득을 챙길 방법은 없을겁니다. 예산을 들일 것도 없고 무슨 법안을 만들어야 하는 것도 아니라 그냥 참석만 하면 되는 일입니다. 참석만 하면 성소수자 공동체에 대한 관심과 지지를 바로 보여줄 수 있습니다. 이런 초대를 거절하는 것이야 말로 정말 감각없는 결정입니다."
#,AttendLGBTPlay_1,초대 거절,"초대를 받았다고 무조건 참석해야 하는 건 아닙니다. 이건 감독이 자기 개인 의견에 지지를 강요하려고 초대장을 써먹는 이기적이고 부적절한 행태입니다. 연극에 참석하지 않는 쪽이 전적으로 합리적인 대응입니다."
#,BAILOUTCOMPANY,기업 구제금융,"국내 최대 철강기업인 Stargazy Steelworks Inc가 최근 심각한 재정난을 겪으면서 파산 위기에 처했습니다. 기업 경영진은 정부가 무이자 대출로 몇 달만이라도 더 버티게 해 준다면 신규 주문을 받아 기업을 살려낼 수 있다고 주장하고 있습니다."
#,BAILOUTCOMPANY_0,기업 지원,"이 기업의 현재 고용인원은 수천명에 달하고, 파산시 영향을 받는 기업까지 합치면 영향이 매우 클 것입니다. 제철소가 폐쇄된다면 지역 경제가 크게 침체될 것은 불보듯 뻔합니다. 지금 바로 무이자 대출을 제공해야 합니다."
#,BAILOUTCOMPANY_1,지원 거부,"자유시장에서 망하는 기업이 나오는건 당연합니다. 이 기업은 수익성이 나빠서 파산 위기에 처했을 뿐입니다. 여기서 대출을 해 주는 것이 합리적인 선택이라면 이미 민간부문에서 대출을 구할 수 있었을겁니다. 이런식으로 돈을 낭비해선 안됩니다. 비록 실업이 단기적으로 증가하겠지만, 시장을 이기려 들어선 안됩니다."
#,BAILOUTCOMPANY_2,부분적인 지분 확보,"이 기업을 망하게 둘 수는 없지만, 납세자가 그동안 낸 세금을 아무런 댓가 없이 지원해 주는 터무니없는 짓을 할 수는 없습니다. 구제금융을 제공하되, 대신 기업 지분 일부를 지원 조건으로 잡읍시다."
#,BakingGayCakes,동성결혼 케이크 제작,"빵집을 운영하는 종교인 부부가 동성커플의 웨딩케이크 제작을 거부했는데, 동성커플이 이것이 차별이라며 항의해 법정 공방으로 이어졌습니다. 빵집주인 부부는 자신들이 다니는 교회에서 동성애는 거부해야 한다 가르치기 때문에 종교적 신념의 문제일 뿐 차별이 아니라는 입장입니다. 법이 명확하게 결론을 내려 주어야 할 때인 것 같습니다."
#,BakingGayCakes_0,빵집주인 지지,"주인이 원하지 않는 고객은 거부할 수 있다는 것이 사업 운영의 기본 원칙 아니겠습니까? 정말로 불경스럽다 여기는 일 마저 강요해야 할 정도로 고객이 불쾌감을 느끼지 않게 하는게 중요할까요? 길가에 널린게 빵집인데 그냥 다른 빵집 가서 해달라고 해도 될 것을 굳이 해달라는건 명백한 도발행위입니다."
#,BakingGayCakes_1,동성커플 지지,"종교를 믿는다고 해서 차별이 차별이 아니게 되는건 아닙니다. 법에 어긋나는데도 종교적 이유를 들어 고객을 거부할 수 있다고 인정해버리면 이번 일로 끝나지 않고 고객 거부가 점차 확산할겁니다. 동성커플의 삶의 방식을 거부할 수는 있겠지만, 영업을 거부하는 것은 분명한 위법행위입니다."
#,BAN ALCOHOL ADVERTS,주류광고 금지법,"TV 주류광고를 법으로 금지시키자는 제안이 올라왔습니다. 라디오나 옥외 광고판을 통한 광고는 제한 대상에 포함하지 않았지만, TV광고 금지만으로도 주류 섭취량을 상당 부분 줄일 수 있다는 주장입니다."
#,BAN ALCOHOL ADVERTS_0,금지법 거부,이건 제정신으로 만든 법이 아닙니다. 이건 결국 주류판매 자체를 금지하냐 마냐의 문제로 이어질겁니다. 알콜 섭취는 전적으로 합법이고 수백만 시민들이 부작용이 없는 수준의 적절한 음주를 즐기고 있습니다. 이런 식으로 특정매체에 제품 광고를 금지하는건 그저 광적인 주류 반대 운동가들만 좋아할 일이고 결국 자유시장에 대한 부당한 개입에 불과합니다.
#,BAN ALCOHOL ADVERTS_1,금지법 승인,"광고 금지좀 시킨다고 하루만에 알콜중독이 사라지지는 않겠지만, TV광고 금지가 그 첫 걸음이 되어야 합니다. 청소년들이 보는 TV에서 광고주들은 지금도 노골적으로 청소년 음주를 부추기는 광고를 내보내고 있습니다. 알콜 섭취를 조금이라도 줄일 수 있다면 뭐라도 해봐야 할 때입니다."
#,BanAnimalTesting,동물실험 금지,"일부 압력단체에서 모든 동물실험을 금지하라는 제안을 정부에 보냈습니다. 상당수 종사자들이 동물실험을 이용하는 업계에서 일하고 있지만, 시민들은 동물실험을 별로 지지하지 않는 모양입니다."
#,BanAnimalTesting_0,금지,"요즘 같은 시대에 각종 제품, 특히 화장품을 동물에 실험해야만 할 합당한 이유가 없습니다. 상당수 동물실험은 매우 잔인한 방식으로 이루어지고 있고, 이를 금지시킨다 한들 산업 현장에는 별 영향이 없고 오히려 대중의 전폭적인 지지를 얻을 수 있을겁니다."
#,BanAnimalTesting_1,변경 없음,"동물실험은 오직 제품이 인간에게 완전히 무해한 것이 맞는지를 확인하려는 목적으로, 통제된 조건 하에 최후의 수단으로만 활용되고 있습니다. 전면 금지라는 극단적인 조치를 밀어붙인다면 화장품 업계와 제약 업계를 크게 위축시킬 것입니다."
#,BanEScooters,전동스쿠터 금지,"기술 발전과 벤처캐피탈의 급격한 유동성 공급으로 인해 전동스쿠터 대여업이 폭발적인 성장을 보이고 있습니다. 이로 인한 기업간 과열 경쟁으로 현재 도심지에만 수만 대의 전동스쿠터가 배치된 상황입니다. 인근 주민들은 전동스쿠터가 길거리에 아무렇게나 널부러져 난장판이라며 불만을 표하고 있습니다. 이에 사업 자체를 금지시켜야 한다는 의견도 나오는 상황입니다."
#,BanEScooters_0,전동스쿠터 대여업 금지,"지금 저 사기업들은 그 어떤 공적 협의조차 없이 공공도로를 마치 자기네 창고, 영업장인 양 멋대로 사유화하는 오만한 행태를 보이고 있습니다. 아무렇게나 널부러진 전동스쿠터는 길거리를 어지럽혀 보행자와 운전자 모두를 고통스럽게 하고 있습니다. 합리적인 해결 방안은 오직 대여업 금지뿐입니다."
#,BanEScooters_1,조치 없음,"이건 그냥 자본주의가 굴러가다 보면 으레 있기 마련인 금방 지나갈 해프닝입니다. 대여업을 당장 금지시키자는 주장은 러다이트 운동이나 다름 없는 반기업행태입니다. 다들 알겠지만 지금 새로이 편리한 교통수단의 황금기가 열리고 있습니다. 사람들이 정말로 전동스쿠터 대여를 원하지 않는다면 그대로 두어도 얼마 못 가서 다 망할겁니다."
#,BanFaceRecognitionInPublic,공공장소 안면인식 금지,"AI기술 발전으로 인해 거리마다 있는 평범한 카메라만으로 안면인식을 합리적인 비용과 시간 내에 할 수 있게 되었습니다. 원칙적으로는 범죄자 추적에 큰 도움이 되겠지만, 그와 동시에 개인 사생활과 빅데이터에 관한 논쟁이 오가기 시작했습니다. 온갖 정보를 인식해 저장하는 안면인식 카메라가 도시를 뒤덮기 전에 막아서야 할까요?"
#,BanFaceRecognitionInPublic_0,안면인식 금지,"안면인식 AI가 대단한 기술은 맞지만 우려가 되는 것도 사실입니다. 앞으로 사기업이나 차기 정부에서 안면인식 정보를 수집해 어떤 식으로 써먹을지 알 수가 없습니다. 그대로 두었다가는 결국 압제자나 이윤이 지배하는 감시국가로 변모하게 될테니 지금 막아세워야 합니다."
#,BanFaceRecognitionInPublic_1,안면인식 허용,"길가다 지나가는 사람이 자기 얼굴을 보고갔다며 걱정하는 사람은 없는데 카메라에 잡히는게 그렇게 분노할 일입니까? 수배중인 범죄자나 테러리스트가 아니라면 문제가 될 부분이 도대체 어디가 있겠습니까? 안면인식 정보 수집을 통해 범죄를 예방할 수 있고, 개인화 서비스 제공에도 큰 도움이 될겁니다. 이걸 금지하자는건 그냥 테크노포비아들의 과민반응에 불과합니다."
#,BanForeignFirmFromITInfrastructure,특정국 기업 IT 기반장비 사용금지,정보통신기반시설에 투자하는 과정에서 특정 외국기업 장비를 사용해도 되는지가 논란의 도마에 올랐습니다. 이는 해당 외국기업이 전부터 의심의 눈초리를 한껏 받고 있는 특정국 정부에 적극 협조중이라 알려져 있기 때문입니다. 보안전문가들은 장비 사용이 보안 약화로 이어질 수 있다며 깊은 우려를 표했고 해당 기업 제품을 완전히 배제할 것을 촉구하고 나섰습니다.
#,BanForeignFirmFromITInfrastructure_0,특정국 장비 금지,"인터넷과 통신망에 대한 의존도가 급격히 높아지고 있는 사회에서 의심스런 외국 세력에게 우리 국가 기간통신망의 통제권을 쥐어주는 것이 가당키나 합니까? 현대 정보통신체계는 너무나도 복잡해서 도입한 장비가 어떤 동작을 하는지 명확하게 알기도 어렵고, 도입한 뒤에 보안 구멍을 찾아낸다 하더라도 한참 늦은 뒤의 일일겁니다."
#,BanForeignFirmFromITInfrastructure_1,특정국 장비 허용,"이건 제노포비아 수준의 정부 간섭입니다. 물론 국내에서 모든 핵심보안장비를 저가에 생산할 수 있다면 좋겠지만, 현실적으로 불가능하며 결국 수입을 해 와야 합니다. 해당 기업 장비를 금지시킨다고 분명한 이득이 발생하는 것도 아니고 기반시설에 들어가는 비용만 폭등시킬 것입니다."
#,Banknotes,화폐도안 인물 선정,새로운 지폐가 곧 도입될 것이고 새로운 얼굴이 그려져야 한다. 우리나라의 한 명예 대주교와 유명한 인권 운동가가 최종 명단에 올랐고, 이제 누가 우리 화폐의 얼굴이 될지를 당신이 결정할 차례입니다.
#,Banknotes_0,Fernando Martinez 대주교 선정,"대주교 페르난도 마르티네스는 정말로 신성한 사람이었고, 매우 믿음직하고 순수했다. 그의 강한 신념은 진보주의자들에게는 다소 지나쳤겠지만, 그는 보수주의자들의 역할 모델 역할을 한다. 그의 얼굴을 우리 은행에 갖다 대는 것은 분명 우리 나라들의 믿음에 대한 미묘한 메시지를 전달할 것이다."
#,Banknotes_1,Natalie Garcia 선정,"나탈리 가르시아는 전 세계 어느 곳에서도 항상 인권을 옹호하기 위해 최전방에 있었습니다. 이로 인해 그녀는 많은 주요 기업들과 마찰을 빚었지만 국민들은 그녀를 사랑하고 지지하고 있다. 지폐에 그녀의 얼굴을 대고 우리는 전 세계에 자유와 자유의 메시지를 보낼 것이다."
#,BanLivestockImports,축산물 수입 금지,"우리 이웃 나라 중 한 나라가 소에 '발과 입' 질병이 있다고 공개적으로 발표했다. 비록 그 질병이 우리에게 퍼질 가능성은 매우 낮지만, 당신은 예방책으로 그 나라에서 소의 수입을 금지하도록 농민 단체들에 의해 로비를 받고 있다."
#,BanLivestockImports_0,금지조치 거부,"그 나라로부터의 가축 수입을 전면 금지할 통계학적 또는 과학적 근거는 없다. 그 발병은 억제력이 높으며 실질적인 위험은 거의 없다. 이는 노골적인 보호무역주의로 비칠 해외에서의 인기 없는 움직임이 될 것이다. 이것은 부당하고 정당하지 못한 외국 상품의 금수 조치가 될 것이다."
#,BanLivestockImports_1,금지조치 승인,"우리가 이 병을 우리나라에 수입하는 것은 아무리 사소한 것이라도 위험의 가치가 없다. 그것을 다룰 수 있는 유일한 방법은 소의 대량 도살입니다. 우리의 농업은 그런 상황에서 살아남지 못할 것입니다. 이것은 지나치게 신중한 것처럼 보일 수도 있지만, 사과하는 것보다 안전한 것이 더 낫다. 만약 상황이 역전된다면, 그들은 우리에게도 똑같이 할 것이다."
#,BanNonLEDBulbs,LED 비사용 전구 사용금지,"LED 전구는 놀라울 정도로 효율적이며, 소형 형광등보다 훨씬 더 효율적이며, 백열등보다 훨씬 더 효율적입니다. 에너지 사용을 줄이고 기후 변화에 대처하기 위해 모든 사람들이 LED로 바꾸도록 장려하기 위해 구형 전구의 판매를 금지해야 한다는 요구가 있다."
#,BanNonLEDBulbs_0,LED 비사용 전구 금지,"대부분의 사람들은 단지 LED 전구가 얼마나 멀리 왔는지, 혹은 일생 동안 얼마나 많은 에너지를 절약할 수 있는지 알지 못한다. 그것들은 몇 년 동안 사용 가능했지만, 너무 느리다. 구형 전구에 대한 금지는 사람들이 새로운 기술을 채택하도록 하는 가장 빠른 방법이며, 이것은 이산화탄소 배출량을 줄이는 쉬운 방법이 될 것이다."
#,BanNonLEDBulbs_1,금지조치 거부,"컴팩트한 형광등이 새로운 것이 된 것은 정말 얼마 전이었고, 갑자기 모든 사람들이 다시 변해야 한다는 압력이 생겼다! 뿐만 아니라, 실제 조명의 에너지 비용은 이미 매우 낮습니다. 이것은 실질적인 이득을 얻기 위해 더 많은 정부 규제를 더할 뿐이다. 정부가 이산화탄소 생산에 세금을 부과하고 싶다면, 소비자가 스스로 결정하도록 하세요."
#,Ban Tobacco Adverts,담배광고 금지,"텔레비전에서 담배 광고를 금지할 수 있는 법을 제안하는 것이 있다. 광고판 등에 광고를 하는 것이 합법적일지라도, TV 금지는 우리 시민들에 의해 흡연을 줄일 수 있는 잠재적인 방법으로 여겨지고 있다."
#,Ban Tobacco Adverts_0,금지조치 거부,"담배가 일부 압력 단체들이 주장하는 것만큼 해롭다는 직접적인 100% 증명된 증거는 없다. 수백만 명의 시민들이 심각한 악영향 없이 담배를 즐기고 있으며, 이것은 사람들에게 무엇을 해야 할지 말하려는 '나니 국가'의 한 예이다. 그건 그들의 몸과 결정이야!"
#,Ban Tobacco Adverts_1,금지조치 승인,"흡연은 매년 수백만의 사람들을 일찍 죽이고 중독성이 강하다. 흡연과 관련된 질병으로 고통 받는 사람들의 수를 줄이기 위해 정부가 취할 수 있는 어떤 조치도 환영한다. 사람들은 여전히 담배를 피울 권리가 있지만, 이것은 다음 세대가 담배를 피울 가능성을 줄인다."
#,BLASPHEMY,신성모독,웹사이트는 우리 사회의 한 단면 다음에 이어지는 종교에 대해 매우 비판적인 몇몇 인기 있어왔다. 종교 지도자들은 그 사이트를 신성모독이라고 묘사하고 철거를 요구했다. 정부 밖에서 행동을 요구하는 격렬한 시위가 있어왔다.
#,BLASPHEMY_0,사이트 차단,이 사이트는 매우 불쾌하고 우리는 소수민족의 견해를 고려해야 한다. 이와 같은 자료의 출판을 제한하는 것은 전적으로 합리적이며, 이는 대중의 동요를 일으킬 가능성이 있다. 사이트를 해체합니다.
#,BLASPHEMY_1,조치 없음,"당신은 웹사이트를 금지하라고 요구하는 소수의 극단주의자들의 요구에 굴복할 수 없다. 우리가 알기도 전에 칼 마르크스의 온라인 기록 보관을 금지하고 싶어하는 자본가들이 있을 것이다. 비록 그 관점이 논란이 되더라도, 사람들의 견해를 표현할 수 있는 자유는 우리 사회의 기본적인 자유 중 하나이다."
#,ChildLabourLaw,아동노동금지법,너무 많은 우리 젊은이들이 낮은 임금을 받는 직업을 갖기 위해 일찍 학교를 떠나고 있다. 어떤 이들은 심지어 그들이 배워야 할 때 풀타임으로 일하기 위해 학교를 빠지기도 한다. 이 법은 현재 16대 이하의 회사를 정규직으로 채용하는 것을 막는 것에 대해 매우 약하다. 이 제안된 법은 16세 이하의 사람을 일주일에 5시간 이상 알면서 고용하는 것을 형사 범죄로 만들 것이다.
#,ChildLabourLaw_0,아동노동 범죄화,"우리는 우리가 우울해질 때까지 아이들이 학교에 어떻게 있어야 하는지에 대한 연설을 할 수 있지만, 우리가 입법과 범죄행위의 위협으로 우리의 말을 뒷받침하지 않는 한, 우리 아이들은 돈을 벌기 위해 학교를 계속 빠질 것이다. 우리는 아이들을 위해 이 법을 지지해야 한다!"
#,ChildLabourLaw_1,현행법 유지,"이 법은 불필요하다. 학교를 빼먹고 있는 아이들은 어차피 수업시간에 관심을 기울일 아이들이 아닐 것이고, 대신 일하면서 경제에 기여하고 있다. 또한 우리는 그들이 고용하는 사람들의 나이를 모르는 중소기업인들을 무심코 형사처벌할 수 있는 위험을 무릅쓰고 있다."
#,ChildLabourLaw_2,절충안,"양쪽 다 좋은 주장이 있으니 타협하고 법을 조금 강화해서 아이들이 일주일에 10시간 이상 일하지 않도록 하자. 그게 모두를 행복하게 하는 거 맞죠?"
#,CHILDRENS FOOD,어린이 식품안전관리,"패스트푸드점에서 파는 음식, 물론 학교에서 나오는 음식 등 어린이들에게 팔리는 음식의 지방, 소금, 설탕 함량, 영양가 등을 규제하는 법안이 발의됐다. 이것은 식품 소매업자들에게 비용이 발생할 가능성이 있다."
#,CHILDRENS FOOD_0,현행법 유지,"당신은 자유 시장을 방해할 수 없습니다. 이것은 사람들의 삶에 간섭하는 국가이다. 만약 아이들이 기름진 정크 푸드를 먹고 싶어하고 부모님들이 개의치 않는다면, 사람들에게 햄버거를 먹지 말라고 말하는 정치인은 누구일까?"
#,CHILDRENS FOOD_1,어린이 식품안전 규제,"비만은 사람들의 건강에 심각한 영향을 미치는 주요 문제이다. 그렇게 어린 나이에 건강에 좋지 않은 음식을 사람들에게 마케팅하는 것은 용납될 수 없으며 우리는 시민들의 미래 건강을 지키기 위해 지금 법을 통과시켜야 한다."
#,ClimateChangeProtocol,기후변화 의정서,"유엔 기후변화회의는 선진국의 온실가스 배출을 제한하는 새로운 의정서에 서명했다. 당신 나라는 경제에 너무 많은 부담을 주지 않기 위해 회담에 참가했고 힘든 협상을 진행했습니다. 그럼에도 불구하고, 프로토콜 비준은 비용이 많이 들고 GDP 성장과 노동자의 생산성을 제한할 수 있다. 반면에, 전문가들은 이것이 환경을 구할 수 있는 유일한 방법이라고 주장한다. 우리가 그 의정서를 비준하나요?"
#,ClimateChangeProtocol_0,의정서 비준,온실 가스 배출을 줄이는 것은 우리의 아이들이 거주할 수 있는 행성에서 태어나도록 하기 위한 필수적인 단계이다. 경제에 대한 작은 타격은 이 목표의 가치가 충분히 있다.
#,ClimateChangeProtocol_1,비준 거부,"우리 경제가 위태로운 상황에서 성장과 생산성, 부를 막는 제안은 비준할 수 없다. 환경을 보호하기 위한 다른 방법으로는 일단 충분할 것이다."
#,ClusterBombBan,집속탄 금지,"우리나라의 한 엔지니어링 회사가 막 외국에 대한 클러스터 폭탄을 제조하고 공급하는 계약을 따냈습니다. 현재로서는 이 제품을 만드는 것을 금지하는 구체적인 법은 없지만, 국내에서 집속탄 생산을 금지해야 한다는 여론이 팽배하다."
#,ClusterBombBan_0,집속탄 사용 금지,군집 폭탄은 너무나 많은 민간인 사망을 초래하기 때문에 우리가 그런 무기 제조를 용납할 수 있는 방법이 없다. 그들은 잔인한 무기이고 오늘날 그들의 사용에 대한 정당성은 없다. 만약 이 무기들을 금지하는 것이 우리에게 몇 개의 일자리를 앗아간다면 그것은 우리가 기꺼이 지불해야 할 대가이다.
#,ClusterBombBan_1,입법 거부,"집속탄 제조를 금지해야 한다고 말하기는 매우 쉽습니다. 하지만 그 다음은 무엇일까요? 총 만드는 거 그만둬요? 수갑? 이것은 일자리를 잃고 투자자들의 신뢰를 해치는 우리의 전체 무기 산업을 해체하는 단계가 될 것이다. 회사가 어떤 제품을 생산하는지 간섭하는 것은 국가가 할 일이 아니다."
#,CondemnFarLeftDictator,극좌 독재자 규탄,"우리 국내 정치와는 무관해 보일지 모르지만, 다른 나라에서 극좌 독재자가 취한 극단적인 행동은 너무나 뉴스거리가 되어 언론에서는 당신이 그들의 행동을 비난하는지 여부에 대해 논평하기를 기대하고 있다. 그 독재자는 반대자들을 체포해 왔고 공공연히 처형되고 거리에서 구타를 당했다는 보도가 있었다."
#,CondemnFarLeftDictator_0,독재자 규탄,"우리가 이 나라에서 일어나고 있는 공포를 잘 알고 있을 때 목소리를 내지 않는 것은 충격적일 것이다. 우리는 보통 외국의 내부 정치에 관여하지 않지만 무고한 사람들이 체포되고 심지어 살해되는 동안 방관할 수 없다. 침묵하는 것은 원칙의 부족을 보여준다."
#,CondemnFarLeftDictator_1,논평 거부,"이런 사건들이 겉으로 드러날지 모르지만, 다른 나라의 내부 정치를 비판하는 것은 우리의 의무나 우리의 자리가 아니다. 우리는 다른 나라 지도자들이 우리 자신의 문제에 간섭하는 것을 원하지 않는다. 우리가 아는 한, 체포되는 사람들은 모두 위험한 테러리스트들이다."
#,CondemnRefuseStrike,청소노동자 파업 규탄,"노동자들은 임금 문제로 파업 중이다. 거리에 쓰레기가 쌓이기 시작했는데, 사람들이 불쾌해하는 것도 당연하다. 파업은 합법적이지만 건강에 대한 우려와 당신이 언급해야 할 압박이 있다."
#,CondemnRefuseStrike_0,파업노동자 지지,"법적 산업 분쟁에서 노동력을 철수하는 것은 모든 노동자의 기본권이다. 만약 사람들이 거리의 쓰레기에 대해 그렇게 화가 난다면, 그들은 이 사람들이 얼마나 중요한지 깨닫고, 이 매력적이지 않은 일을 수행하는 사람들이 더 많은 보수를 받아야 한다는 데 동의해야 할 것이다."
#,CondemnRefuseStrike_1,파업 규탄,"이것은 임금 인상을 추진하는 합리적인 방법이 아니다. 이것은 건강에 위험하고, 필요하다면 다른 사람으로 근로자를 교체하는 것을 검토해야 한다. 이는 극단주의 노조가 서민들이 부담해야 할 부당한 임금을 밀어붙이기 위해 민폐를 조성하려는 데 불과하다. 이것은 고도의 기술을 갖춘 일은 아니며, 현재의 임금은 괜찮다."
#,CONTROVERSIAL MARCH,극우집회 논란,극우 정치 단체가 우리 수도에서 집회를할 계획을 세우고 있다. 이 단체는 인종 차별적인 경향이 강하며 경찰은 집회가 진행된다면 집회를하는 사람들과 그들을 반대하기 위해 나타날 사람들 사이에 격렬한 대립이 있을 것이라고 확신하고 있다. 경찰은 집회을 금지할 것을 권고한다.
#,CONTROVERSIAL MARCH_0,집회 금지,경찰이 우리에게 이번 집회을 금지할 충분한 이유를 주었다. 우리는 이번 집회가 야기시킬 폭력과 문제를 원하지 않거나 필요로 하지 않는 우리 사회의 대다수 사람들의 견해를 고려해야 한다. 언론의 자유는 폭동의 자유를 의미하지 않는다. 이 집회을 금지하다.
#,CONTROVERSIAL MARCH_1,집회 허용,"우리 사회의 기본적 자유 중 하나는 비록 그것이 인기 없는 견해이거나 소수적인 견해일지라도, 정치적 견해를 자유롭게 모으고 내세울 수 있는 권리여야 한다. 집회자들은 자신들의 입장만 밝히고 있고 반대자들은 평화적인 시위를 자유롭게 할 수 있다. 난처한 상황이지만 정치적 시위를 금지하는 것은 매우 독재적인 일이다."
#,CorporateManslaughter,기업과실치사법안,기업체에게 과실치사 혐의가 인정되면 과실치사 혐의로 기소할 수 있도록 하는 새로운 법안이 발의된다.
#,CorporateManslaughter_0,법안 통과,"이 법은 기업체들이 직원들과 일반 국민들의 안전에 관한 한 궁지에 몰리는 것을 막기 위해 필요하다. 매년 너무 많은 사람들이 산업재해로 사망하는데, 종종 배운 교훈도 없고 책망도 없다. 이 법은 기업의 책임을 위해 한 발짝 더 나아가는 법이 될 것이다."
#,CorporateManslaughter_1,법안 저지,"이 법은 시행될 수 없다. 대기업이 하청업체를 많이 고용하고 있는 상황에서 사고 책임을 적용하는 데 수반되는 법적 복잡성은 상당하다. 이 법률은 의도한 바는 있지만 실제로는 기업 행동의 진정한 변화를 이루지 못한 채 변호사의 주머니를 채우는 역할을 하는 값비싼 시간 낭비가 될 것이다."
#,CorporateMedicalMarketing,제약기업 마케팅,"수년 동안, 어떤 제약회사들은 비록 때때로 이러한 약들이 필요하지 않거나 이상적인 선택이 아니었음에도 불구하고 그들의 약을 처방하는 의사들에게 돈과 다른 특혜를 주어왔다. 이것은 최근 몇 달 동안 증가했고 지금까지 신체적인 피해는 없었지만, 나쁜 일이 일어날 때까지 그것은 시간 문제일 뿐이다."
#,CorporateMedicalMarketing_0,조치 없음,"이것은 수년 동안 계속되어 왔고 아무 일도 일어나지 않았다. 분명히 이 회사들에 개입하여 규제를 강요할 필요는 없다. 결국, 제약 산업은 부유하고 영향력 있는 사업이고, 다른 회사들이 그들의 제품이 더 낫다고 생각한다면, 그들은 똑같이 할 수 있다."
#,CorporateMedicalMarketing_1,규제 도입,"이것은 멈춰야 하고, 환자의 생명이 위태롭고, 의사들이 환자에게 필요한 것이 아니라 그들 자신의 재정적 동기에서 약을 처방하는 것은 용납될 수 없다. 제약회사가 어떤 재정적인 방법으로든 의사들에게 영향을 미치는 것을 막기 위한 규정이 마련될 것이다."
o#,DebtProtectionLaw,채무자보호법,채권추심업체,거액의 빚을 진 사람들로부터 돈을 인출하기 위해 그들이 사용하고 있는 공격적인 방법들 때문에 뉴스에 나왔다. 이 부채 회수 기관들은 더 큰 규모의 기업들이 돈을 빌려주지 않는 사람들에게 신용을 제공한다. 그러한 기관들이 운영될 수 있는 방법을 제한하는 법이 제안되었다.
#,DebtProtectionLaw_0,채권추심업 제한,"이 기관들은 우리 사회에서 가장 약하고 가난한 사람들을 속여, 종종 절대 갚을 수 없는 터무니없는 금리로 돈을 빌리게 하고 있다. 이것은 강탈에 지나지 않으며 정부는 즉시 그러한 비양심적인 기업들의 활동을 엄격히 제한하기 위해 행동해야 한다."
#,DebtProtectionLaw_1,채권추심업 허용,"누구도 갚을 수 없는 돈을 빌리도록 강요하지 않으며, 합법적인 부채를 회수할 수 있는 채무 기관의 권리를 제한하는 것은 생산성에 역행할 것이다. 사람들은 분수에 맞게 사는 법을 배워야 하고, 만약 그들이 그렇게 하는 것을 배울 수 없다면 국가가 그들을 곤경에서 구해 줄 것을 기대하지 말아야 한다."
#,DecryPaydayLoanCompany,단기소액대부업체 비난,"단기 또는 '월급일' 대부업체들은 매우 높은 금리로 대출을 제공하고 있으며, 주류 대부업체들에 대한 접근성 부족으로 인해 사회 최빈층을 겨냥하고 있다. 일부 소비자 운동가들은 정부가 이 문제에 대해 공개적으로 말할 것을 요구하고 있다."
#,DecryPaydayLoanCompany_0,대부업체 비판,"신용이 가장 절실한 사회에서 신용이 가장 필요한 사람들이 가장 높은 요금을 받는다는 것은 확실히 용납될 수 없는 일인가? 이 회사들은 빈민의 제한된 선택권을 냉소적으로 이용하고 있으며, 그들을 부채의 순환 속에 영원히 가두어 두고 있다. 적어도 우리는 그들의 사업 모델에 대해 공개적으로 비판해야 한다."
#,DecryPaydayLoanCompany_1,논평 거부,"이 대부업체들은 특정 시장에 순응하는 완벽한 법률 사업을 운영하고 있다. 물론 고위험 고객인 사람들은 더 높은 이자율을 부과받게 될 것입니다. 그것은 충분히 이해할 수 있습니다. 게다가, 범죄자와 대부업자가 인수하는 것보다 합법적이고 규제된 월급날 대부업자를 허용하는 것이 더 낫다."
#,DeliveryDrones,배달드론,"한 국제 소매업체가 자율 화물 쿼드록퍼에 의한 화물 운송을 도입하려고 합니다. 이런 전망에 일반 국민은 들떠 있지만 노조원들은 일자리 감소와 사고를 예측하며 비판적이다. 유통업체는 시범사업을 시작할 수 있도록 허가를 요청했고 현재 입법부는 상업용 드론을 다루지 않고 있다."
#,DeliveryDrones_0,배달드론 허가,"시범 프로그램은 고객들에게 단지 한 창고에서 다음 창고로 드론 배달을 제공하지 않을 것이다. 그 기술은 그것을 허용할 만큼 충분히 안전하다."
#,DeliveryDrones_1,배달드론 불허,"경찰 무인기와 군용 무인기로 이미 공역이 혼잡해지고 있다. 민간 드론은 사고 위험 드론 관련 위험을 불필요하게 증가시킬 것이다."
#,DeliveryDrones_2,시험적 허용,이 일에 부딪히지 맙시다. 어떻게 되는지 보기 위해 1~2년 정도 제한된 시험만 허용하는 것이 최선일까요?
#,DisguisedEmploymentLaw,위장고용방지법,"최근 몇 년간 택시앱 등 제로타임 긱 이코노미 사업자가 크게 늘었는데도 이 법이 따라잡지 못하고 있다. 일부 선거운동가들은 이것이 직원들에게 휴일이나 병수당을 주지 않기 위해 고안된 위장고용이라며, 그 회사들이 정규직으로 취급될 필요가 있다고 말한다."
#,DisguisedEmploymentLaw_0,초단기근로를 위장된 고용으로 공표,"이 회사들은 기본적으로 첨단 택시와 배달 회사들로, 자신들이 병세, 연금 기부금, 그리고 다른 기본 자격들을 지불하지 않도록 하기 위한 허점을 이용하고 있다. 그것은 법의 정신에 따라 행동하는 사람들에 대한 불공평한 경쟁이다. 규제를 강화하면 공정한 경쟁이 가능할 것이다."
#,DisguisedEmploymentLaw_1,현행규제 유지,"이것이 바로 자유시장이 작동하는 방법이다. 수천 명의 사람들에게 매우 유연한 고용을 제공하고 초저가 택시와 음식 배달을 가능하게 하는 새로운 비즈니스 모델은 단지 경쟁적인 기존 사업체들보다 앞서왔다. 근로자들은 앱을 끄거나 경쟁자들을 위해 일하는 것이 전적으로 자유롭기 때문에, 이것이 정상적인 고용이 아니라고 말하는 것은 완전히 사실이다."
#,DNADatabase,DNA 데이터베이스,"경찰 수장들은 범죄와의 싸움을 돕기 위해 모든 사람들의 DNA를 담은 글로벌 데이터베이스를 구축하도록 허락해 줄 것을 요청하고 있다. 비록 사생활에 대한 우려가 있지만, DNA 증거는 이전에는 해결할 수 없었던 많은 범죄들을 가해자들에게 추적할 수 있게 한다."
#,DNADatabase_0,데이터베이스 허가,"이것은 범죄와의 싸움에서 매우 귀중한 무기가 될 것 같다. 너무 오랫동안, 범죄자들은 그들의 범죄에 대한 책임을 부인할 수 있었고, DNA 증거로 우리는 살인자나 강간범과 같은 범죄자들을 찾는 데 사용되는 경찰 시간을 상당히 줄일 수 있었다. 국민이 숨길 것이 없는 한 이런 조치에 반대할 수 없다."
#,DNADatabase_1,데이터베이스 중지,"이것은 우리 시민의 인권에 대한 근본적인 침해이다. 우리는 유죄가 입증될 때까지 무죄라는 개인의 가정을 유지해야 하고, 모든 사람들에 대한 '빅 브라더' 스타일의 데이터베이스를 구축하면 우리 모두가 범죄자처럼 느껴지게 된다. 우리는 정말 국민들에게 DNA 샘플을 주 정부에 제공하도록 '강제'할 것인가, 아니면 감옥에 직면할 것인가?"
#,DNADatabase_2,범죄자 전용 데이터베이스,"실용적인 접근 방식을 취합시다. 용의자들로부터 채취한 DNA는 경찰 데이터베이스에 무기한 보관될 수 있지만 범죄 혐의가 없는 한 무고한 사람들의 DNA가 광범위하게 수집되어서는 안 된다."
#,EndLifeRecyclingLaw,제품수명재활용법,"소비자 사회의 단점 중 하나는 너무나 많은 제품들이 결국 수명이 다했을 때 쓰레기 매립지에 버려지게 된다는 것이다. 한 가지 해결책은 재활용을 장려하는 것인데, 최근에는 이런 부담을 국내 대형가전 제조사에 떠넘겨 오래된 제품을 회수해 재활용해야 하는 법적 의무를 지우는 방안이 추진되고 있다."
#,EndLifeRecyclingLaw_0,법안 통과,"우리는 계속해서 더 많은 물건들을 땅에 있는 구멍에 던지고 그것이 없어지기를 바랄 수는 없다. 재활용 부담을 다시 기업에 떠넘김으로써, 그것은 그들이 쉽고 저렴하게 재활용할 수 있는 제품을 디자인하도록 장려할 것이고, 이것은 모든 사람이 승리한다는 것을 의미한다."
#,EndLifeRecyclingLaw_1,입법 거부,"실제로는 간단하지만, 이것은 우리나라에 기반을 둔 회사와 제조사에 큰 부담을 줄 것이다. 우리는 해외에서 이것을 강요할 수 없습니다. 이것은 우리가 단지 우리 자신의 산업에 무의미한 규제 부담을 주고 있다는 것을 의미합니다."
#,EXTRADITE TERROR SUSPECT,테러용의자 인도?,"공식적인 범죄인 인도 조약이 없는 중동 국가는 테러 혐의를 받기 위해 이곳에 살고 있는 이민자를 그들에게 인도해 줄 것을 요청했습니다. 그들은 수도에서 일어난 차량 폭탄 테러에 대해 그가 책임이 있다고 비난하지만, 그들이 가지고 있는 유일한 증거는 다른 테러 용의자들의 자백이며, 이것은 '압박'에 의해 이루어졌을지도 모른다."
#,EXTRADITE TERROR SUSPECT_0,용의자 인도,"우리는 이 테러범을 즉시 본국으로 돌려보내야 한다. 그의 고국에서는 사법 제도에 대해 약간의 약간의 우려가 있을 수 있지만 그들은 테러리스트들과 싸우고 있다. 만약 상황이 역전된다면 우리는 테러리스트들을 재판에 회부하는 것을 거부한 것에 격분할 것이다. 지금은 심문 방법에 대해 불평할 때가 아니다."
#,EXTRADITE TERROR SUSPECT_1,인도 거부,"만약 우리가 이 남자를 인도한다면 그는 사형에 처할 가능성이 있다. 우리는 그가 공정한 재판을 받을 수 있을지 알 길이 없으며, 그가 올바른 사람인지 확신할 수 없다. 우리는 외국 정부에 의해서만 사람들을 인도할 수 없습니다. 우리는 범죄 행위의 증거를 봐야만 그를 죽음으로 보낼 수 있습니다."
#,FactoryFarming,공장식축산법,"농가에 대한 동물복지 기준 강화 운동이 탄력을 받고 있다. 집중적인 농업 시설에서 동물들이 이용할 수 있는 공간, 음식, 그리고 실외로의 접근에 대한 최소한의 기준을 더 높게 설정하는 법이 제안되었다."
#,FactoryFarming_0,기준 강화,"이제 우리는 동물들이 집중적인 농사를 짓는데 어려움을 겪지 않도록 뭔가 조치를 취해야 할 때이다. 대부분의 사람들은 몇몇 동물들이 갇혀 있는 상태를 본다면 무서워할 것이다. 이러한 기준들은 더 비싼 음식으로 이어질 것이지만, 만약 그들이 현재 동물들이 사육되고 있는 조건을 안다면 사람들은 기꺼이 더 많은 돈을 지불할 것이다."
#,FactoryFarming_1,현행기준 유지,"아무도 사람들에게 가장 싼 공급원에서 가공육을 사도록 강요하지 않는다. 유기농 식품과 프리 레인지 식품이 있지만, 프리마켓은 사람들이 동물 복지의 변화를 위해 더 많은 돈을 지불할 준비가 되어 있지 않다는 것을 분명히 보여준다. 이것은 정부가 몇몇 선거운동가들을 달래기 위해 시장에 개입하는 것이다."
#,FishingQuota,어획쿼터,해양보호단체들은 어부들이 어느 연도에나 잡을 수 있는 특정 어류의 양을 제한하는 국제법에 서명할 것을 촉구하고 있다. 이것은 미래 세대를 위한 물고기 재고의 생존 가능성을 보존하기 위한 시도이다.
#,FishingQuota_0,쿼터제 동의,"이건 그냥 상식일 뿐이야. 현대 기술은 그것이 너무 싸고 엄청난 수의 물고기를 잡는 것이 쉬워져서 가격을 낮추고 위험한 공급 고갈을 야기한다는 것을 의미했다. 단기적으로는 어민들에게 인기가 없을 수도 있지만, 장기적으로는 해양 환경을 생각해야 합니다. 환경 단체들은 이 법에 서명할 것을 권고한다."
#,FishingQuota_1,쿼터제 거부,"이론적으로는 이 모든 것이 매우 합리적으로 들리지만, 실제로 우리는 어업경제에 대한 통제권을 어떤 국제기구에 양도하고 싶은가? 그리고 비록 우리 어부들이 이 협정을 준수할 것이라고 확신할 수는 있지만, 어떻게 우리가 외국 어부들도 그렇게 할 것이라고 확신할 수 있을까? 이 법에 서명하는 것은 어업계에 또 다른 장애물이 될 것이고, 그것은 일자리를 잃게 될 것이다! 법을 어겨라!"
#,FlagBurning,국기소각금지법,"우리나라 국기를 불태우는 것을 특정범죄로 만들자는 제안이 나왔다. 애국자들은 경찰이 행동할 힘이 없는 상황에서 국민들이 공공연히 우리나라의 국기를 불태우며 반정부 히스테리를 부추기고 있다고 우려한다."
#,FlagBurning_0,국기소각 금지,"많은 사람들이 조국의 국기를 불태우는 사람들의 생각에 모욕감을 느낀다. 국기는 특정 정당을 나타내는 것이 아니라 국가 자체를 상징한다. 국기를 불태우는 것은 매우 비애국적인 행위이며 그런 일을 할 사람은 애초에 이 나라에 있어서는 안 된다."
#,FlagBurning_1,국기소각 허용,"비록 그것이 국기를 불태우는 것을 의미할지라도, 동시에 우리 정부에 반대하는 사람들의 그 견해를 표현할 권리를 부정하면서, 우리는 자유 사회라고 주장할 수 없다. 결국 국기는 천의 평화일 뿐인데 어떻게 하면 천을 태우는 것을 범죄행위로 만들 수 있을까?"
#,ForeignPresident,외국 대통령 방문,"경제가 빠르게 성장하고 있는 국가의 대통령이 당신을 공식 국빈 방문에 초대했습니다. 이번 방문은 일자리에 좋을 그 나라와의 무역을 장려할 수 있는 좋은 기회가 될 수 있지만, 그 나라의 인권에 대한 기록은 매우 의심스럽다."
#,ForeignPresident_0,제의 거절,"이 외국 지도자는 인권과 자국 내 소수민족에 대한 태도 모두에 대해 끔찍한 기록을 가지고 있다. 이 방문을 수행한다면, 소수 민족과 인권 운동가들, 그리고 국제사회에서 분노가 확산될 것입니다. 이는 이 남성들의 잔인한 정책을 사실상 지지하는 것입니다."
#,ForeignPresident_1,제의 수락,"방문은 계속되어야 한다. 첫째는 경제, 즉 방문에 반대하는 소수민족들 사이에서 일자리를 창출하는 것이 좋을 것이며 둘째는 우리가 그들의 지도자들과 만나는 것조차 거부한다면 다른 나라의 행동에 영향을 미칠 수 없을 것이다."
#,Fracking,프래킹,"'프래킹'으로 더 잘 알려진 유압 파쇄는 에너지 회사들이 이전에는 도달할 수 없었던 셰일 가스의 퇴적물을 이용할 수 있도록 하는 시추 기술이다. 이 기술은 비교적 새로운 것으로, 정부가 사용 허가를 내줄 것을 요구한다. 한편으로는 잠재적으로 거대한 에너지 공급을 개방하는 반면, 그 과정에 대한 심각한 환경적 우려가 있다."
#,Fracking_0,프래킹 허용,"이 법안은 에너지 회사들이 우리 땅에서 상업적인 수준의 프래킹 작업을 수행할 수 있도록 허가할 것이다. 이는 에너지 가격을 끌어내리고, 석유와 가스 수입에 대한 우리의 의존도를 낮출 것이기 때문에 소비자들에게는 좋은 소식이다. 게다가 그것은 경제에 도움이 될 것이다. 싫어할 게 뭐 있어?"
#,Fracking_1,프래킹 금지,"프래킹은 많은 위험들을 내포하고 있는데, 이것은 엄청난 양의 위험한 화학물질을 매우 높은 압력으로 바위에 주입하는 것을 포함하기 때문에, 그것이 지진과 관련이 있을 가능성, 그리고 급수를 오염시킬 아주 현실적인 위험이다. 게다가, 이것은 기후를 해치는 화석 연료의 공급량이 점점 줄어드는 것에 대한 우리의 의존을 영구화하는 또 다른 방법일 뿐입니다."
#,Freedomofinformation,정보자유법,"시민에 관한 데이터베이스에 저장된 정보의 이용 가능성을 그들이 알지 못하는 사이에 증가시키는 법이 요구되어 왔다. 민간 의료회사, 보험회사, 채무추심기관이 보유한 기록과 정부부처가 보유한 정보 등이 여기에 포함된다."
#,Freedomofinformation_0,제안 거부,"아무도 정부가 그들에 대한 정보를 가지고 있다는 생각을 좋아하지 않지만, 어떤 상황에서는 이것이 이루어져야 한다. 정부가 모두를 감시하는 것은 아니지만, 이 법을 통과시키면 정보기관이 심각한 범죄자와 테러리스트들을 감시하는 것을 더 어렵게 만들 것이다. 그것은 또한 고객 데이터베이스를 가지고 있는 많은 기업들에게 영향을 미칠 것이며, 그들은 여전히 더 많은 관료주의로 가득 차게 될 것이다."
#,Freedomofinformation_1,정보자유법 제안,"이 법은 진정한 자유 사회에서 요구되는 견제와 균형 중 하나이기 때문에 통과시키는 것이 필수적이다. 일반 준법 시민은 컴퓨터 데이터베이스로 다국적 기업이 스파이하거나 감시해서는 안 되며, 어떤 데이터가 저장되고 있는지 시민들이 볼 수 없을 경우 정부기관의 악용 가능성이 크다."
#,GayAdoption,동성커플 입양,현재 한 동성 커플이 아이가 입양되기를 그토록 기다려왔기 때문에 차별을 받고 있다고 주장하는 고도로 공론화된 법정 소송이 있다. 당신이 이 토론에서 어디에 서 있는지 대중들에게 말할 때입니다.
#,GayAdoption_0,동성커플 입양 지지,"아이를 입양하고 싶어 안달이 난 사랑하는 부부가 공무원들로부터 그런 차별 대우를 받을 수 있다고 생각하니 가슴이 아프다. 우리는 동성 커플이 입양 서비스에 의해 다른 사람과 다르지 않게 대우받아야 한다는 원칙을 법으로 시행해야 한다."
#,GayAdoption_1,동성커플 입양 반대,"분명히 가장 중요한 것은 그 아이의 복지이지 정치적 압력 단체나 운동으로 점수를 매기는 것이 아니다. 간단한 사실은 아이가 엄마와 아빠에 의해 더 잘 자란다는 것이다. 입양 서비스에 의해 이성 커플이 우선시되는 것은 당연하다."
#,GenderNeutralRestrooms,성중립 화장실,"일정 규모 이상의 모든 구내에 성중립 화장실을 제공하고, 비이성 시민들이 괴롭힘을 두려워하지 않고 사용할 수 있도록 법 개정을 위한 캠페인이 진행되고 있다."
#,GenderNeutralRestrooms_0,성중립 화장실 요구,"사회가 비이성적인 시민들에 대해 더 관대하다면 이 제안은 결코 요구되지 않을 것이지만, 슬프게도 그들은 무언가 해야만 하는 그러한 괴롭힘과 차별에 직면한다. 남녀를 불문하고 모두에게 안전한 환경을 제공하기 위해서는 별로 바랄 것이 없다."
#,GenderNeutralRestrooms_1,변경 없음,"이 제안은 터무니없고, 솔직히 인구의 극히 일부에게 영합하는 것과 같다. 이러한 변화는 기업 소유주들에게 막대한 비용이 들 것이며, 정부가 필요하지 않은 곳에 개입하는 전형적인 사례이다. 어떤 화장실이 적당한지 그냥 사람들이 알아서 결정하게 하면 안 될까요?"
#,GMFood,유전자변형 식품 제안,많은 대형 농업 회사들이 우리 땅에서 유전자 변형 식품을 재배하는 데 관심이 있다. 어떤 식품들은 더 긴 유통기한과 질병과 제초제 내성 모두를 허용하도록 유전적으로 조작될 수 있다. 반대론자들은 먹이사슬의 변화와 관련된 잠재적 위험에 대해 우려한다. 농부들은 그 문제에 대해 의견이 분분하다.
#,GMFood_0,유전자변형 작물 허용,"GM 작물은 엄청난 잠재적 이익을 가지고 있다. 유통기한을 늘려서 판매자의 비용을 줄일 뿐만 아니라, 살충제의 필요성도 줄일 수 있기 때문에 생산 중에 사용되는 유해 화학물질이 덜하다는 것을 의미하기도 한다. 또한 비타민 함량 향상과 같은 다른 이점들로 음식들이 만들어질 수도 있습니다."
#,GMFood_1,유전자변형 식품 판매금지,"GM 식품은 필요 없다. 그 혜택은 생산자들에게는 크지만 소비자들에게는 크지가 않다. 우리는 단지 먹이 사슬을 유전적으로 변형시키는 것의 장기적인 영향에 대해 충분히 알지 못한다. 과학적 연구는 모두 훌륭하고 좋지만, 일단 환경에 방사되면, 이 유기체들은 상기될 수 없다. 우리는 지금 GM으로부터 먹이사슬을 보호하기 위해 행동해야 한다."
#,Hackers,핵심시스템 침입 해커,"한 무리의 전문 해커들이 발전소와 은행업을 포함한 우리 컴퓨터 네트워크의 중요한 시스템을 해킹했다. 이 단체는 공개되어 해킹 사실을 시인하고, 우리의 방어에 몇 가지 위험한 결함을 지적하고, 문제를 해결할 방법을 제공했다. 기업과 보안 전문가들은 이제 경계 태세에 돌입하고 있다."
#,Hackers_0,범죄자로 체포,"이러한 시스템을 해킹하는 것은 재앙을 초래할 수 있다. 시스템의 결함은 가능한 한 빨리 고쳐져야 하고 체포된 해커들은 그렇지 않으면 다른 해커들이 다시 시도해서 유명해지기를 바라는 우리 네트워크에 엄청난 스트레스를 줄 것이다."
#,Hackers_1,특채,"이 해커들은 자기 분야에서 최고인 것 같기 때문에, 우리 시스템을 안전하게 유지하고 향후 그러한 사고를 막기 위한 새로운 방법을 강구하는 데 완벽할 것이다. 기업이나 주 직원들은 좋아하지 않겠지만 여기서는 보안이 최우선이다."
#,HOSTAGE SITUATION,인질사건,"한 종교 극단주의자들은 몇몇 인질을 총으로 잡았고 외교 정책에 관한 요구가 받아들여지지 않으면 그들을 죽이겠다고 위협하고 있다. 그들이 요구하는 바는 그리 극단적이지는 않지만, 협상하는 모습이 보이면 위험할 수도 있다."
#,HOSTAGE SITUATION_0,요구 수락,"여기서 우리가 할 수 있는 가장 좋은 일은 합리적이고 최소한 부분적으로 그들의 요구에 굴복하는 것이다. 그래야 아무도 다치지 않고 상황이 통제 불능 상태가 되지 않습니다. 이 사람들에 대해 극단적인 행동을 취하는 것은 인종간 긴장만 초래할 수 있다."
#,HOSTAGE SITUATION_1,경찰 투입,"인질범들과 협상할 수 없다. 그렇게 하는 것은 수문을 완전히 혼란에 빠뜨릴 것이다. 인질로 잡힌 시민들에게는 불행한 일이지만, 우리는 지금 당장 건물을 습격해서 사람들을 풀어주려고 노력해야 합니다. 만약 그것이 인질들을 쏘고 몇 명의 인질을 잃는 것을 의미한다면, 그것은 우리가 치러야 할 대가이다."
#,HousingExpansion,주거지 확장,"우리나라는 주택이 부족하고, 정부는 계획법을 완화하고 이전에 제한되었던 '그린벨트' 토지를 건설할 수 있도록 해야 한다는 압력을 받고 있다."
#,HousingExpansion_0,국토계획법 완화,"주택 가격은 주로 공급 부족으로 인해 수익보다 훨씬 빠르게 상승하고 있다. 장기적으로는 주택을 더 짓는 게 유일한 해법이다. 일자리가 없는 곳에 주택을 공급해도 소용이 없고, 만약 그것이 '그린벨트'의 작은 비율의 토지에 건설하는 것을 의미한다면 그것은 우리가 지불해야 할 가격이다."
#,HousingExpansion_1,국토계획규제 유지,"주택회사들은 '녹지 부지'에 집을 새로 지어야 한다는 압력이 항상 존재하는데, 그 이유는 주택회사들이 새 집을 더 싸고 더 쉽게 짓기 때문이다. 우리가 농촌을 조각하기 전에 재사용해야 할 도시 유적지가 많이 있다. 그린벨트로의 갑작스런 확장은 농촌 사회에 끔찍한 영향을 미칠 것이다."
#,HUNGER STRIKE,단식투쟁,"유죄판결을 받은 한 테러리스트가 테러 단체와 관련이 있다고 생각되는 사람들의 방문을 허락해 줄 것을 요구하며 단식 투쟁에 들어갔다. 우리는 그의 동료들을 체포할 증거가 없고, 현재 이 죄수의 방문을 전면 금지하고 있지만, 그는 단식투쟁 위협을 견뎌낼 것 같고, 그의 감방에서 죽을지도 모른다."
#,HUNGER STRIKE_0,면회 허용,"우리는 이 남자나 그가 상징하는 것을 좋아하지 않을 수도 있지만 그가 감방에서 죽게 내버려 둘 수는 없다. 그렇게 하는 것은 우리를 테러범 수준으로 떨어뜨릴 뿐 아니라 그를 순교자로 만들 것이다. 교도소에 있는 동안 그를 면회시켜 주어야 한다."
#,HUNGER STRIKE_1,면회 금지,"당신은 테러리스트들과 협상하지 않는다. 그것은 저것만큼 간단하다. 그들은 우리 측의 어떤 협상이나 규칙의 완화를 나약함의 표시로 인식할 뿐이다. 만약 그가 감옥에서 죽는다면, 그건 그의 결정이고 우리는 걱정하지 말아야 한다."
#,IllegalImmigrationAmnesty,불법이민 사면,"우리 나라에는 불법 이민자들이 있다는 것을 모두가 알고 있다. 기존 이민자들에게 사면을 하고 다른 사람들처럼 일하고 세금을 낼 수 있는 적절한 시민으로서 그들을 환영해야 한다는 제안이 나왔다."
#,IllegalImmigrationAmnesty_0,사면 거부,"사면은 세금과 법질서상의 이유로 유혹될 수도 있지만, 그것은 끔찍한 메시지를 보낸다. 우리의 법을 어기고 불법으로 이곳에 온 사람들은 결코 그렇게 한 것에 대한 보상을 받아서는 안 된다. 이것은 그들에게 같은 일이 일어나기를 바라는 사람들로부터의 더 많은 불법 이민으로 이어질 것이다."
#,IllegalImmigrationAmnesty_1,사면 제의,"우리가 현재 이민 정책에 대해 아무리 강경하거나 긴장을 늦추더라도, 그것은 이미 여기 있는 사람들의 상태를 바꾸지는 않는다. 많은 불법체류자들이 수년간 이곳에서 일하고 생활해왔고, 이는 단순히 경제적 타당성이 있고, 그들에게 시민권을 부여하기 위한 사회적 결속력을 향상시킨다. 이는 암거래를 덜 하고 세금을 더 많이 내면 이중 승자가 된다는 것을 의미한다."
#,ImprovedTenancyRights,임차인 권리 강화,"현재 임대주택 입주자의 권리를 늘리자는 제안이 있다. 갑자기 집 밖으로 내던져지거나, 집세가 감당할 수 없는 수준으로 오른다거나, 수리 대기 시간이 길어지는 것에 대한 두려움은 임대 숙박시설을 매우 바람직하지 않게 만들고 있고 세입자들은 무언가를 요구하고 있다."
#,ImprovedTenancyRights_0,현행기준 유지,"임대시장은 집주인들이 가장 좋은 세입자를 놓고 경쟁하고, 임차인은 가격과 위치, 평판 등을 보고 집을 골라 선택할 수 있는 자유시장의 좋은 예다. 여기서 더 이상 부담스러운 입법이 필요 없다. 만약 세입자들이 좋지 않은 서비스를 제공하는 집주인을 발견하면, 그들은 다른 건물로 자유롭게 이사할 수 있다."
#,ImprovedTenancyRights_1,임차인 권리 강화,많은 사람들은 단순히 집을 살 보증금을 감당할 수 없고 평생 동안 빌리는 것으로 체념한다. 무작위 퇴거나 임대료 인상으로부터 제대로 된 보호가 없다는 것은 이 사람들이 결코 주택 소유자들이 누리는 마음의 평화나 안정을 갖지 못한다는 것을 의미한다. 그들의 의무를 진지하게 받아들이는 지주들은 합리적인 개선에서 법으로 두려울 것이 없다.
#,IncreasedSchoolInspections,학사시찰 강화,학교 수준이 떨어지고 있는데다 현재 교육방법과 학교를 점검하는 제도도 미흡하다는 우려가 나온다. 선거운동가들은 훨씬 더 빈번한 검사로 그 제도를 강화할 것을 제안한다.
#,IncreasedSchoolInspections_0,시찰 강화,"교육은 다른 것과 같은 서비스이며, 부모들이 그들의 돈이나 세금으로 무엇을 얻고 있는지 아는 것이 필수적이다. 점잖은 선생님들은 더 자세히 조사해서 두려워할 것이 전혀 없어야 한다. 어떤 부모가 자녀들이 교육받는 방식에 대한 더 큰 견제에 반대하겠는가?"
#,IncreasedSchoolInspections_1,현행체계 유지,"아이들을 가르치는 것은 현재로써는 충분히 어려운 일이며, 또한 헌신적인 전문가들에 의해 형편없는 급여와 일을 맡기도 한다. 이 제안은 단순히 추가적인 관료주의를 조장하고 실제 교육으로부터 더 많은 시간을 빼앗을 것이다. 교사 같은 헌신적인 공익근무요원들이 더 이상의 정밀조사가 필요하다는 것을 암시하는 것은 모욕적이다."
#,InternetTracking,인터넷 트래킹,"대기업이 고객 데이터베이스와 소비자 행동을 분석할 수 있는 '빅데이터'를 활용할 수 있는 역량이 늘면서 개인정보 보호에 대한 우려가 커지고 있다. 기업들은 그러한 데이터가 많은 경우 익명이고 순수하게 더 나은 서비스를 제공하기 위해 사용되고 있다고 주장하고 있는 반면, 선거운동가들은 얼굴 없는 대기업들이 그들의 동의 없이 소비자의 '빅 브라더' 스타일 데이터베이스를 만들고 있다고 제안한다."
#,InternetTracking_0,트래킹 금지,"이런 종류의 행동은 소비자들에게 신분 도용의 잠재적 위험을 내포하고 있을 뿐만 아니라 소름끼치는 행동이나 다름없다. 기업은 고객이 내리는 모든 의사 결정에 대한 정보를 추적 및 저장하지 않고도 지난 몇 년 동안 충분히 잘 관리했으며, 의사 결정 없이도 쉽게 달성할 수 있습니다. 사람들은 그들이 어디를 가든 디지털 스파이들이 효과적으로 따라가지 않고 물건을 살 권리가 있다."
#,InternetTracking_1,트래킹 허용,"인터넷 추적에 반대하는 사람들은 인터넷 추적이 그것보다 훨씬 더 불길하게 들리게 한다. 우리가 말하는 모든 것은 기업들이 소비자 선호도에 대한 정확한 정보를 기록할 수 있도록 허용함으로써 그들은 더 나은 제품을 만들고 그들의 광고를 효과적으로 겨냥할 수 있게 하는 것이다. 그것은 무해하고 현대 경제에도 필수적인 것이다. 정부가 여기에 개입해야 한다는 진정한 외침은 없다."
#,InternetTracking_2,이용자 고지,"추적을 금지하는 것은 너무 지나치지만, 시민들이 그들이 추적당하고 있을 때 인지하는 것이 중요하다. 사람들에게 추적당하고 있다는 것을 알려주는 웹사이트를 방문할 때 편리한 팝업 창 시스템이 모든 사람들에게 가장 좋은 해결책일 수도 있다."
#,KeepRuralBanks,은행 지방영업점 유지,"전화나 인터넷 뱅킹으로 전환하는 사람들이 늘어나면서 주요 은행들은 작은 시골 지점들을 폐쇄하고 있다. 이 지점들은 여전히 농촌의 많은 노인들에 의해 사용되고 있으며, 선거운동가들은 정부가 이 시골 은행들을 강제로 개방하기를 원한다."
#,KeepRuralBanks_0,지방영업점 유지 강제,"젊은 사람들에게 은행 지점은 불필요한 것처럼 보일 수도 있지만, 많은 노인들은 실제로 시골 지역 사회의 필수적인 부분인 지역 은행을 사용하는 것을 선호한다. 국내 은행들을 폐쇄하는 것은 소규모 지역사회에 큰 타격을 줄 것이며 피하는 것이 최선이다."
#,KeepRuralBanks_1,영업점 폐쇄 허용,"이건 1900년대가 아니야! 인터넷 시대에 아직도 물리적 은행이 필요하다는 생각은 터무니없다. 조만간 우리 시민들 모두가 인터넷 사용에 익숙해질 것이다. 게다가, 은행 주주들에게 어떻게 해서든 그들이 돈을 잃은 지점을 계속 열도록 강요하는 것이 정말 공평할까요?"
#,Laborday,노동절 기념행사,"다음 근로자의 날을 위한 축제가 계획되고 있다. 전통적으로 여러분은 노동조합 앞에서 연설을 할 것이지만, 여러분은 또한 지역의 경제를 강화하고 많은 저소득 일자리를 창출할 새로운 산업단지 개장식에 외국인 투자자들의 초청을 받았다."
#,Laborday_0,노조 앞에서 축하연설,"근로자의 날은 노동계급과 노동조합의 날로, 그들 앞에서 연설을 하는 것은 전통이고 큰 영광이다. 근로자들은 불안정한 시기에 많은 문제에 직면해 있으며 정부로부터 우리가 그들 편이고 그들의 근무지를 유지하는 것이 최우선이라는 확신을 가질 필요가 있다."
#,Laborday_1,해외투자자 행사 참석,"노동조합의 요구에 부응하는 것이 분명 중요하지만, 더 많은 일자리를 창출하는 것과 외국인 투자자의 열쇠가 되는 것도 중요하다. 그들과 함께 하는 것은 우리의 감사를 보여줄 것이고 그들과 다른 나라들이 한국에 더 많은 투자를 하게 할 것입니다. 우리는 내년에 다시 노동조합에 가입할 것이다."
#,LayWreathForGeneral,장군 빈소에 헌화,"우리의 가장 오래 복무한 군 장성 중 한 명이 죽었고, 당신은 그의 장례식에 화환을 바칠지 결정해야 한다. 그 장군은 분명히 군대의 영웅이었지만, 그의 경력 말기에 인종 차별, 여성 혐오, 왕따에 대한 비난에 시달렸다."
#,LayWreathForGeneral_0,헌화,"장례식에서 그를 기리는 데 있어서, 우리는 그가 나중에 무엇이 되었는지 묵인하는 것이 아니라, 나라를 위해 목숨을 걸 각오를 분명히 한 남자에게 경의를 표하는 것이다. 화환을 바치지 않는 것은 우리 군대를 모욕하고 그들이 입은 군복을 망신시키는 값싼 미덕일 것이다."
#,LayWreathForGeneral_1,헌화 거부,"이 사람의 만년의 행동은 그가 그의 경력에서 무엇을 했든 간에 용서될 수 없다. 그렇게 나쁘게 행동한 누군가를 눈에 띄게 존경한다는 것은 단순히 소수 민족, 여성, 그리고 그가 괴롭히고 괴롭힌 사람들에 대한 경멸을 보여준다. 우리가 그런 행동을 지지하도록 보여서는 안 된다."
#,LGBTLessonsInSchool,학내 성소수자 교육,"학교에서의 성교육은 항상 정치 축구이며, 아이들에게 동성 커플의 존재와 관계에 대해 교육하는 문제가 뉴스에 오르면서 이제는 다시 활기를 띠게 되었다. 학교 수업에서 LGBT 주제를 지지할 것인가 말 것인가에 대한 입장을 취해야 한다."
#,LGBTLessonsInSchool_0,성소수자 교육 지지,"학교의 모든 요점은 아이들을 교육시키고 현실 세계에 대비시키는 것이고, 명백히 동성 관계는 사회의 일부이다. 그들 자신의 성에 대해 의문을 제기하는 아이의 관점을 상상해 보라. 확실히 그들이 극단적인 견해를 가진 학부모들의 종교 지도자들로부터 압력을 받지 않고 학교 교사들로부터 진실을 배우는 것이 최선인가?"
#,LGBTLessonsInSchool_1,성소수자 교육 반대,"우리가 성별 유동성에 대한 극단적인 자유주의적 선전을 혼합물에 도입하지 않아도 아이들은 성과 관계에 대해 충분히 압도되고 혼란스럽지 않은가? 학교는 이런 문제들 때문에 꼼짝할 수 있는 곳이 아니다. 그리고 학생들은 성별을 따지기에는 너무 어리다."
#,Merger,인수합병,"한 대형 인터넷 회사가 주요 경쟁사 중 하나를 매수할 계획을 발표했다. 이 합병은 정부의 승인을 받아야 하지만, 만약 그것이 진행된다면 그것은 한국에서 가장 큰 회사 중 하나를 만들 것입니다."
#,Merger_0,인수합병 허가,"이 합병을 막을 합당한 이유가 없다. 점점 더 글로벌해지는 시장에서, 성공적으로 경쟁하려면 우리 기업들이 성장해야 합니다. 대기업이 글로벌 시장에서 더 효율적이고 효과적일 것이다."
#,Merger_1,인수합병 금지,"자유 시장에 대한 전체 아이디어는 경쟁에 기반을 두고 있다. 이 두 회사가 합병하는 것을 허용하면 경쟁과 소비자의 선택이 모두 줄어들게 될 것이고 의심할 여지 없이 중복성을 초래하게 될 것이다. 이것은 정부가 대기업을 돌보고 그 작은 남자를 잊어버린 또 다른 사례이다. 중소기업과 노동조합원들은 당신에게 이 합병을 막으라고 촉구한다."
#,OilDrilling,석유 시추 제안,석유 회사들은 야생 동물 보호 구역으로 보호되고 있는 국가의 일부 지역에서 석유를 시추하는 허가를 받기를 간절히 바라고 있다. 피난처 아래의 오일 공급은 상당하지만 시추는 환경에 부정적인 영향을 미칠 수 있습니다.
#,OilDrilling_0,시추 허가,"말 그대로 수십억 배럴의 석유가 여기 있습니다. 그리고 현행법은 우리가 그것을 위해 구멍을 뚫는 것을 막고 있습니다. 대신, 우리는 다른 나라에서 석유를 수입하고 있습니다. 시추로 인한 에너지 안보 측면에서 얻을 수 있는 이득을 고려할 때 환경적 영향은 미미할 것입니다. 아무도 환경을 파괴하고 싶어하지 않지만, 그 대안은 외국 석유에 의존하는 것이다."
#,OilDrilling_1,시추 금지,"이 귀중한 야생동물 보호구역은 석유탐사에 의해 파괴될 것이다. 이것은 우리 나라의 위대한 국보 중 하나이며, 단지 국내 석유 생산을 증가시키기 위해 그것을 파괴하는 것은 범죄일 것이다. 이 지역에서 구멍을 뚫는다고 해서 외국 석유에 대한 우리의 의존이 완전히 없어지는 것은 아니지만, 그것은 미래 세대를 위한 우리의 자연 환경을 망칠 것이다."
#,PeopleSmuggling,밀입국자,"화물 컨테이너 안에 숨겨져 우리 나라에 들어온 많은 사람들이 조직적인 밀수 시도를 하다가 적발되었다. 이 계획을 주도한 범죄자들은 체포되었지만, 현재 우리 해안에 있는 사람들을 그들의 출신국으로 돌려보내야 하는지에 대한 논란이 있다."
#,PeopleSmuggling_0,체류 허가,"이 사람들이 조국에서 박해, 가난, 심지어 죽음까지도 피하려고 필사적이었다는 강력한 증거가 있다. 이들은 필사적인 사람들입니다. 우리가 알 수 있듯이 그들이 여기까지 오기 위해 얼마나 많이 노력했는지 알 수 있습니다. 그들이 여기 있는 지금 그들을 추방하는 것은 비인간적일 것이다."
#,PeopleSmuggling_1,국외추방,"이 사람들을 이곳에 머무르게 하는 것은 불법으로 이곳에 오려는 사람들에게 완전히 잘못된 신호를 보내는 것이다. 우리는 불법 경제 이민자들과 있는 그대로의 문제는 충분히 가지고 있다. 불행하게도, 유일하게 현명한 선택은 그들을 돌려보내는 것이다."
#,POSITIVE DISCRIMINATION,적극적 우대조치,"대기업과 정부기관의 소수민족 등 고용 할당량을 명시적으로 정하는 법률이 필요하다는 목소리가 나오고 있다. 이것은 기업들이 그들의 인종, 성별, 연령에 근거하여 다른 직업 후보자들보다 더 높은 우선권을 주도록 압력을 가할 것이다."
#,POSITIVE DISCRIMINATION_0,법안 통과,"우리는 이 법이 필요하다. 경제면에서는 특정 연령 이하 또는 특정 연령 이상의 사람들이 실업자가 되는 것은 말이 안 된다. 또한, 인권 측면에서, 이것은 소수 민족, 여성, 노인, 장애인에 대한 직장에서 수년간 차별을 받은 것에 대한 보상이 많이 필요하다."
#,POSITIVE DISCRIMINATION_1,입법 거부,"이것은 심각한 결함이 있는 법률이다. 차별을 이용하여 차별과 싸우는 것은 이치에 맞지 않는다. 공로에 대한 직책을 달성하지 못했을 수도 있다고 느끼는 소수 회원들의 문제와, 그 직책을 거부당한 잠재 직원의 분노 두 가지 문제를 야기한다."
#,Powerlines,송전선,"분노한 시민들은 마을을 관통하는 송전선 건설 계획에 항의하고 있다. 이러한 전력선은 재생 에너지원의 사용을 더욱 증가시키기 위해 필요하다. 그것들을 건설하지 않는 것은 경제적인 차질이지만, 만약 여러분이 시민들을 무시한다면, 이것은 더 화가 나고 그들의 대의를 지지하게 만들 것입니다."
#,Powerlines_0,건설 강행,"아무도 그들의 집 옆에 있는 송전선을 원하지 않지만, 그것들은 어딘가에 지어져야 한다. 그리고 최근까지, 이 사람들은 더 많은 깨끗한 에너지를 요구해왔습니다. 송전선이 건설될 것이다."
#,Powerlines_1,건설 중단,"지하 송전선처럼 탐사할 수 있는 다른 방법들이 있다. 그리고 송전선 근처에 살고 있는 사람들의 건강이 위험에 처할지도 모른다는 주장도 있다. 미안한 것보다는 안전한 것이 낫다."
#,PublicLandLaw,부동산공법,"우리 나라의 많은 부분이 여전히 개인 소유로 되어 있고, 토지 소유자들에 의해 제한된 땅을 걸을 수 있다. 토지 소유자들에게 일정한 지침 안에서 시골길을 즐기기 위해 두서없는 사람들과 보행자들이 그들의 땅을 접근하기 쉽게 하도록 강요하는 법을 도입하기 위한 강력한 캠페인이 있다."
#,PublicLandLaw_0,입법 거부,"사유지는 사유지이다. 이것이 바로 사적 소유와 자본주의의 근간이다. 만약 소유주들이 그들의 땅에 대한 접근을 제한하기를 원한다면, 이것은 전적으로 그들에게 달려있다. 이것은 불만을 품은 사회주의자들의 가늘게 위장된 계급전쟁 시도에 지나지 않는다."
#,PublicLandLaw_1,입법 지지,"우리 도시들이 너무 붐비는 가운데, 그렇게 많은 개방되고 종종 전혀 사용되지 않는 땅을 개인 손에 가지고 있다는 것은 미친 짓이다. 이 법은 토지 소유자의 최종 재산권과 소유권 특권을 유지하면서 모든 시민들이 우리 시골의 아름다움을 즐길 수 있도록 할 것이다. 좋은 절충안이에요."
#,PublicRightsOfWay,통행의 자유 확대,"우리나라에서 집을 많이 지으면서 보행자나 등산객들이 이용하던 공터가 점점 더 폐쇄되고 사유지로 여겨지고 있다. 사회주의 운동가들은 이러한 변화에 항의했고 보호받는 '길의 공공 권리'의 확대를 요구하고 있다."
#,PublicRightsOfWay_0,조치 없음,"사유지는 농지, 공업용지, 누군가의 정원이나 뜰에 상관없이 사유지입니다! 사람들이 수년 동안 일정한 길을 걸어왔기 때문에 사유재산을 침해할 권리를 계속 가져야 한다는 생각은 터무니없는 것이다. 사람들이 이용할 수 있는 많은 공공 도로와 공원이 있다."
#,PublicRightsOfWay_1,통행의 자유 확대,현재 우리나라의 상당 부분이 사유재산이기 때문에 사람들이 개방된 시골에 접근하는 것이 걱정스러울 정도로 제한되고 있다. 몇몇 보행자와 등산객들이 지정된 도보길에서 가끔 그들의 땅을 횡단하는 것이 정말 농부에게 문제가 되는가? 우리는 열린 시골길과 산책로가 모든 사람들이 쉽게 접근할 수 있도록 해야 한다.
#,PUBLIC SMOKING BAN,공공장소 흡연금지,흡연과 건강악화 사이에는 많은 연관성이 있다고 의심된다. 압력 단체들은 흡연자들의 금지를 장려하기 위해 공공장소에서 모든 흡연을 금지할 것을 요구해 왔다.
#,PUBLIC SMOKING BAN_0,공공장소 흡연금지,이것은 흡연과 관련된 질병으로 사망한 우리나라 사람들의 수를 줄이기 위한 주요한 단계이다. 국민의 건강을 위해 이런 법을 통과시키는 것은 국가의 의무이다.
#,PUBLIC SMOKING BAN_1,현행법 유지,"사람들에게 그들의 삶을 어떻게 사는지 말하는 것은 국가의 일이 아니다. 이것은 완전히 과잉반응이고 시민의 자유에 대한 공격이다. 흡연은 합법적이므로 공공장소에서 자유롭게 흡연할 수 있습니다. 사람들은 건강에 대한 결정을 자유로이 내릴 수 있어야 한다."
#,ReasonableForceLaw,정당방위 요건,"최근 한 시골 남성이 자신의 집에서 10대 강도를 총으로 쏴 숨지게 한 법원 사건은 집주인이 과실치사로 기소됐다는 점에서 재산을 방어할 때 합당한 위력에 관한 법률에 주목하고 있다."
#,ReasonableForceLaw_0,정당방위 요건 강화,"비록 그들이 그들의 재산을 방어한다고 할지라도, 아무도 다른 사람의 생명을 빼앗을 권리가 없다. 인간의 생명은 모든 경우에 재산보다 우선해야 합니다. 우리는 도둑에 대해 별로 동정하지 않을 수도 있지만, 사람들이 폭력적으로 법을 그들의 손에 맡기는 것을 허용하는 것은 확실히 해결책이 아니다."
#,ReasonableForceLaw_1,정당방위 요건 완화,"경찰과는 거리가 먼 겁에 질린 남성이 자신의 집에서 흉악범에게 습격당했다는 것은 범인이 투쟁하다 죽더라도 기소되기는커녕 체포될 것이라는 사실이 명백히 우스꽝스럽다. 우리는 모든 시민들이 무슨 일이 일어나든 상관없이 그들의 재산을 지키기 위해 무력을 사용할 권리가 있다는 것을 명확히 할 필요가 있다."
#,ReasonableForceLaw_2,재산보호목적 정당방위 무제한 허용,"우리는 경찰이 주택 소유자들이 자신들을 방어하기 위해 어떤 수단을 쓰든 간에 외면할 것임을 분명히 해야 한다. 만약 어떤 도둑이 다른 사람의 부엌에서 기관총에 맞으면, 그건 업보일 뿐이에요."
#,ReligiousSymbols,학교 내 종교적 상징,"공립학교에서 학생들이 종교 상징물을 착용하는 것을 금지하는 법을 도입해야 한다는 압력이 있다. 여기에는 이슬람 여학생들의 히잡 착용, 기독교 학생들에 의한 십자가 착용 등이 포함될 것이다."
#,ReligiousSymbols_0,금지법 상정,"학교는 아이들이 배울 수 있는 곳이지, 종교적 충성을 보여주기 위한 곳이 아니다. 모든 학생들이 똑같이 옷을 입도록 함으로써, 우리는 차별 없이 모든 종교의 평등과 통합을 보장할 수 있습니다. 이것은 종교와 국가의 분리의 논리적 확장이다. 사람들은 교회와 모스크에서 그들이 좋아하는 옷을 입는 것은 자유롭지만, 공립학교에서는 그렇지 않다."
#,ReligiousSymbols_1,금지법 거부,"이것은 이슬람교도들에 대한 차별과 다름없다. 아무도 이 법이 기독교 십자가 착용을 막기 위해 사용될 것이라고 기대하지 않는다. 그것은 순전히 이슬람 학생들이 원하는 대로 옷을 입는 것을 금지하는 구실로 존재한다. 이것은 분단과 분리를 야기시킬 것이고, 학교에서 종교적인 긴장감을 주는 하나의 방법이에요."
#,RoyalScandal,왕실 스캔들,"왕실의 한 유명한 구성원은 비록 개인의 비도덕적인 역사가 잘 알려져 있음에도 불구하고, 유죄 판결을 받은 성범죄자와 의심스러운 시간을 보낸 혐의로 기소되었다. 이것은 기껏해야 '잘못된 판단'이고 최악의 경우 아주 의심스럽다. 정부는 어떻게 반응할 것인가?"
#,RoyalScandal_0,왕실 옹호,"누구도 당시의 정부가 국왕을 공개적으로 비판할 것이라고 예상하지 않는다. 그것은 중대한 헌법상의 '난관'으로 이어질 가능성이 높으며, 깊은 비애국적인 것으로 간주될 것이다. 우리는 그 혐의들이 단순한 의혹으로 남아있고, 이것은 단지 협회에 의한 유죄라는 성명을 발표해야 한다."
#,RoyalScandal_1,왕실 비판,"어떻게 우리가 이런 일이 아무 언급 없이 일어나도록 내버려 둘 수 있을까? 아무도 당신 정부가 왕실의 폐지를 요구하지 않을 것이라고 예상하지 않지만, 적어도 왕당파와 애국자들이 어떻게 생각하든 간에 그런 행동은 '받아들일 수 없다'는 취지의 강력한 발언은 적절할 것이다."
#,RuleOutFirstStrike,선제핵공격 배제,"대량살상무기는 이론적으로 최후의 수단이며, 순전히 억제책으로서 작용한다. 이 점을 염두에 둔다면, 그러한 무기들을 처음 사용하지 않기로 공개적으로 약속해야 한다는 압력이 있습니다."
#,RuleOutFirstStrike_0,선제핵공격 배제,"이것은 단지 우리가 그러한 무기를 보유하는 목적을 다시 반복하기 위한 공공의 방법이다. 우리는 어떠한 확장 계획도 가지고 있지 않기 때문에 그러한 무기는 외국의 침략을 억제함으로써 순전히 방어의 형태로 존재한다. 이것은 또한 다른 사람들이 같은 주장을 하도록 격려하는 한 방법이고, 국제적인 긴장이 덜하고 더 안전한 세계로 이끌 수 있다."
#,RuleOutFirstStrike_1,논평 거부,"이것은 단지 우리가 그러한 무기를 보유하는 목적을 다시 반복하기 위한 공공의 방법이다. 우리는 어떠한 확장 계획도 가지고 있지 않기 때문에 그러한 무기는 외국의 침략을 억제함으로써 순전히 방어의 형태로 존재한다. 이것은 또한 다른 사람들이 같은 주장을 하도록 격려하는 한 방법이고, 국제적인 긴장이 덜하고 더 안전한 세계로 이끌 수 있다."
#,SafeguardOilSupplies,석유 공급 보호조치,우리나라에 본사를 둔 석유회사 대표들은 테러리스트들의 공격으로부터 보호하기 위해 정부가 중동에 있는 우리 정유소에 군대를 배치해 줄 것을 요청했다. 관련 정부들은 이런 목적을 위해 우리 군대가 그들의 땅에 주둔하는 것을 기쁘게 생각한다.
#,SafeguardOilSupplies_0,파병,"이것이 바로 우리가 군대를 가지고 있는 이유이고, 우리는 그것을 사용하는 것을 두려워해서는 안 된다. 외국 테러리스트들은 우리가 석유 공급을 보호하기 위해 단호한 조치를 취할 준비가 되어 있다는 것을 이해할 필요가 있다. 이것은 '외국의 침략'이 아니라, 단지 해외에 있는 우리 산업의 중요한 부분에 대한 추가적인 보안 제공일 뿐이다. 만약 우리가 군대를 배치하지 않는다면 석유 공급은 어려워질 것이다."
#,SafeguardOilSupplies_1,파병 거부,"우리의 동기가 무엇이든 간에, 중무장을 하고 치명적인 무력을 사용할 준비가 되어 있는 우리 부대가 외국 땅에 상륙하는 상징성은 일부 국가들에 큰 반발을 일으킬 것이다. 이것은 국제 관계와 테러 증가의 가능성 두 가지 문제로 이어질 가능성이 있다. 우리 부대는 석유회사의 보안부대가 아니며, 이것은 그들에게는 할 일이 아니다."
#,SchoolSponsorship,학교투자협약,많은 대기업들이 우리 학교 시스템에 대한 투자에 관심을 표명했다. 무료 교재부터 스포츠 센터 전체에 이르는 모든 것이 일부 브랜드와 홍보 기회의 대가로 제공된다.
#,SchoolSponsorship_0,기업협찬 허가,무료 교육 자료의 제공을 거절하는 것은 미친 짓이다. 정부는 이 회사들이 우리 학교에 지을 준비가 되어 있는 최신 예술 시설을 제공할 수 없다. 학교 도서에 회사 로고를 붙이는 것은 교육에 그렇게 많은 투자를 하는 데 드는 하찮은 대가이다.
#,SchoolSponsorship_1,기업협찬 금지,"무료 교육 자료의 제공을 거절하는 것은 미친 짓이다. 정부는 이 회사들이 우리 학교에 지을 준비가 되어 있는 최신 예술 시설을 제공할 수 없다. 학교 도서에 회사 로고를 붙이는 것은 교육에 그렇게 많은 투자를 하는 데 드는 하찮은 대가이다."
#,SharedParentalLeave,부부동시 육아휴직,"전통적으로 유급 휴직은 어머니 전용이었지만, 이를 공유해 양부모가 서로 맞는 대로 시간을 나눌 수 있도록 하자는 제안이 있다. 이것은 양성평등을 향한 단계로 보여진다."
#,SharedParentalLeave_0,여성전용으로 유지,"이것은 단순히 필요없다. 육아휴직 제공만 복잡하게 만들 뿐, 대다수의 부모들은 엄마가 새로 태어난 아이를 돌보기 위해 일을 쉬기에 가장 좋은 사람이라고 동의한다. 이것은 단지 성별에 차이가 없는 것처럼 가장하려는 의제에 영합하는 것에 지나지 않는다."
#,SharedParentalLeave_1,동시휴직 허용,"어느 부모가 새 아이를 낳은 뒤 유급휴가 금액을 국가에 의해 결정되기보다 부모에게 맡긴다는 것은 요즘 들어 아주 일리가 있다. 우리는 더 이상 모든 육아가 어머니에 의해 이루어지는 세상에 살고 있지 않으며, 현재의 제도는 구시대적인 관점의 성차별적 유산일 뿐이다."
#,SingleUsePlasticBan,일회용 플라스틱 사용 금지,"우리의 물 공급, 우리의 바다, 그리고 심지어 우리가 숨쉬는 공기에서 플라스틱 오염의 양에 대한 충격은 과학자들로부터 플라스틱 오염의 문제를 통제하기 위해 플라스틱을 한 번 사용하는 것을 완전히 금지하라는 요구를 이끌어냈다."
#,SingleUsePlasticBan_0,일회용 플라스틱 사용 금지,"우리가 플라스틱 포장을 사용하는 것을 허용한다는 것은 정말 말도 안 되는 일입니다. 플라스틱 포장은 한 번만 사용되기는 하지만 분해되는 데 수백 년이 걸릴 것이고, 심지어는 우리의 수도가 될 수도 있습니다. 다른 자료들도 구할 수 있고, 오직 정부 법률만이 기업들이 옳은 일을 하도록 설득하고 더 지속 가능한 제품으로 바꾸도록 할 것이다."
#,SingleUsePlasticBan_1,일회용 플라스틱 사용 허용,"이것은 군중을 만족시키는 쉬운 변화처럼 들리지만, 산업에 미치는 영향은 막대할 것이다. 좋든 싫든 간에, 우리는 삶의 많은 부분에서 값싸고 일회용 플라스틱이라는 생각에 익숙해져 왔다. 금지는 우리의 중소기업에 막대한 비용과 규제 지옥을 초래하고 경제적 악몽이 될 것이다. 한편 외국 회사들은 그것들을 정상적으로 사용할 것이다."
#,SpeedLimits,속도 제한,한 주요 자동차 회사 압력 단체가 우리 주요 도로의 제한속도를 높이기 위해 정부에 로비를 했다. 이러한 속도 제한은 수년 전에 설정되었으며 그 이후로 자동차 속도와 제동 성능이 모두 향상되었습니다.
#,SpeedLimits_0,제한속도 상향,"우리는 남성들이 자동차 앞에 빨간 깃발을 들고 걷던 시절부터 계속해 왔다. 국가 속도 제한은 어리석게도 낮고, 그 제한은 널리 무시되고 있다. 우리는 한계를 효과적으로 시행할 수 없으며, 한계치가 합리적인 가치로 설정되기 전까지는 그것이 단지 사람들에게 법을 어기도록 장려하는 것일 뿐이다. 우리는 즉시 한도를 높일 필요가 있다."
#,SpeedLimits_1,현행기준 유지,"속도 제한은 이유가 있습니다. 현재 우리의 도로에서는 충분한 사람들이 죽으며, 속도는 종종 자동차 사고의 생존성의 한 요인이 된다. 그것의 진정한 사람들은 한계를 있는 그대로 깨뜨리지만, 지금 그것을 올리는 것은 단지 더 빠르고 위험한 운전을 장려할 것이다. 그대로 두세요."
#,SQUATTERS RIGHTS,빈집 무단점유,"수도의 가장 좋은 지역 중 한 곳에 있는 큰 빈집이 노숙자들에 의해 인수되었다. 그 집은 수년 동안 사용되지 않고 비어있었고, 변호사들은 이제 '스쿼터'들이 그 부동산에 남아있을 권리가 있는지를 놓고 논쟁을 벌이고 있다. 집주인은 그들을 내쫓기를 원한다."
#,SQUATTERS RIGHTS_0,무단점유자의 소유권 인정,"사람들이 너무 부유해져서 여러 채의 집을 소유하고 빈집을 남겨둘 수 있다면, 반면에 우리에게는 살 곳이 없는 몇몇 시민들이 있다면, 이 집들이 잘 이용되는 것이 옳고 공정할 뿐이다. 집주인은 분명히 수년 동안 그 부동산에 대한 필요가 없었고 이제 그것은 합법적으로 입주자들에게 주어져야 한다."
#,SQUATTERS RIGHTS_1,무단점유자 퇴거명령,"누군가의 재산을 도둑에게 효과적으로 넘긴다면 그것은 위험한 선례이다. 만약 소유주가 빈 부동산을 가질 만큼 부유하다면, 이것은 그의 결정이다. 아무도 집주인이 그랬던 것처럼 이 '스쿼터'들이 저축을 하고 집을 합법적으로 사는 것을 막고 있지 않다. 경찰을 보내고 이 사람들을 쫓아내라."
#,STOP AND SEARCH POLICE POWERS,불심검문,개인이 범죄를 저지를 가능성이 있다고 판단되면 길거리에서 멈춰서 수색할 수 있는 권한을 달라는 경찰의 요구가 있다. 현재 우리 경찰은 정식으로 체포하지 않고는 누군가를 수색할 수 없다.
#,STOP AND SEARCH POLICE POWERS_0,권한 부여,"이것은 범죄와의 싸움에서 귀중한 무기가 될 것이고 특히 폭력 범죄와 길거리 범죄에 현저한 영향을 미칠 것이다. 우리 국민들이 숨길 것이 없다면, 이 법으로부터 두려워할 것이 없다."
#,STOP AND SEARCH POLICE POWERS_1,현행제도 유지,"이것은 매우 위험한 움직임이다. 그것은 인종적 이유로 남용될 수 있으며, 경찰을 지역사회로부터 더 멀리 떨어뜨릴 것이다. 우리 시민들은 당국의 간섭 없이 자신들의 합법적인 사업을 자유롭게 할 수 있어야 합니다!"
#,Streamer,인터넷 방송인의 생일 축하 노래,"인기 있는 인터넷 스트리머가 당신의 생일날 공공장소에서 당신을 위해 노래를 불러줄 것을 제안하고 있다. 그녀는 작은 드레스와 성인 주제곡으로 유명해서 젊은 사람들 사이에서 매우 인기가 있다."
#,Streamer_0,제안 수락,이것은 큰 영광이고 여러분이 전국의 젊은이들에게 인기를 얻는데 도움을 줄 것입니다. 날씨가 춥고 그녀가 평상시보다 덜 노출되는 옷을 입기를 바랍시다.
#,Streamer_1,제안 거절,"그녀는 유명하고 성공적일지 모르지만, 분명히 우리 젊은이들의 롤모델은 아니다. 이 기념행사를 작고 점잖게 하고 중요한 정치적 이슈에 집중하자."
#,StricterDrivingTests,운전면허시험 강화,"새로운 운전자들이 도로 상황에 훨씬 더 잘 대비할 수 있도록 운전 시험 제도를 강화하고 운전자의 안전을 개선해야 한다는 요구가 있다."
#,StricterDrivingTests_0,면허시험 강화,"현재 주행시험은 자동차가 시속 20마일로 달렸을 때와 6차선 고속도로가 존재하기 전에는 괜찮았겠지만 시대가 바뀌었다. 운전자들은 점점 더 휴대폰에 정신이 팔려 사실상 경험이 없는 모든 날씨 조건에서 엄청나게 빠른 자동차를 운전할 수 있다. 매년 많은 아이들이 달려와 죽임을 당하기 위해서, 우리는 더 강력한 시험이 필요하다."
#,StricterDrivingTests_1,현행제도 유지,"변경할 필요가 없습니다. 만약 그렇다면, 자동차는 충돌 감지와 충돌 안전 시스템과 같은 현대 기술 덕분에 매년 더 안전해지고 있다. 운전 면허 시험에 합격하려면 이미 많은 돈이 들며 시간이 오래 걸린다. 이것은 단지 새로운 젊은 운전자들에게 부담이 될 것이다."
#,SupportDemocracyProtesters,민주화 시위대 지지,"우리와 역사적인 인연을 가진 외국에서 거리 시위가 벌어지고 있다. 우리는 이 나라와 많은 이익을 창출하는 무역을 하지만 그들의 정부는 권위주의적이고 거리 시위자들의 대의명분을 공개적으로 지지해야 한다는 압력에 직면해 있다."
#,SupportDemocracyProtesters_0,시위대 지지,"우리는 민주주의를 믿나요, 안 믿나요? 이것은 복잡하지 않아야 한다. 만약 정부가 권위주의적 성향을 보이고 있고, 시위대도 일리가 있다고 믿는다면, 우리는 우리의 원칙을 고수하고 지지해야 할 것이지, 무역 거래에서 돈을 벌어서 반대쪽으로 볼 수 있기 때문에 침묵해서는 안 된다."
#,SupportDemocracyProtesters_1,논평 거부,만일 우리가 거리에서 (모든 민주주의 국가들이 그러하듯이) 시위자들과 마주하고 외국 지도자들이 공개적으로 우리 정부에 반대하는 시위자들을 지지하기 시작한다면 우리는 화가 날 것이다. 우리가 거리에 있는 비교적 적은 수의 시위자들 편을 든다면 이 교역 상대국과의 외교 관계는 끔찍할 것이다.
#,SurgicalStrikes!,정밀타격!,"중동에서 테러리스트들이 우리 회사 소유의 중요한 송유관을 공격하기 시작했고, 그것은 간접적으로 우리에게 연료를 제공한다. 우리의 석유 공급을 보호하기 위해, 군대는 엄선된 목표물에 대한 외과적 공격을 개시하기를 원한다."
#,SurgicalStrikes!_0,정밀타격 명령,테러는 진짜 위협이고 유가 상승은 성장을 제한한다. 우리는 우리 군인들의 목숨을 걸지 않고 테러 작전을 방해할 수 있는 수단을 가지고 있다. 우리는 지금 공격해야 하고 테러리스트들이 우위를 차지하지 못하도록 막아야 한다.
#,SurgicalStrikes!_1,교전 금지,"그 지역의 문제들은 경제적이고 사회적인 이유들을 가지고 있는데, 테러리스트 지도자들을 폭격하는 것으로는 해결될 수 없다. 지상전과 그에 따른 재건은 비용이 더 많이 들지만 이 지역의 문제를 해결하는 훨씬 더 효과적인 방법이다."
#,TestBanTreaty,핵실험 금지 조약,유엔은 연구 목적의 핵무기 실험을 금지하는 조약에 서명할 것을 요구하고 있습니다. 다른 많은 나라들은 이미 이 조약에 서명했고 우리에게 외교 경로를 통해 서명하라고 압박하고 있다.
#,TestBanTreaty_0,조약 서명,"우리는 더 이상의 실험을 수행할 필요가 없습니다. 현재의 무기가 작동하지 않거나 충분히 강력하지 않습니다. 이 조약에 서명하는 것은 환경 운동가들을 행복하게 할 것이고 국제 무대에서 우리의 인기를 높일 것이다."
#,TestBanTreaty_1,서명 거부,"제한된 테스트를 수행할 수 있는 권한을 유지하는 것이 중요합니다. 우리는 위험한 세계에 살고 있고 우리의 핵 억지력은 우리의 방어에 필수적이다. 다른 나라들이 우리 자신을 방어하는 방법을 알려주는 것은 아닙니다. 게다가, 우리의 무기가 여전히 사용가능하도록 보장하기 위해 실험이 필요하다."
#,TortureDeportation,고문위험자 추방,"경찰이 우리나라에 불법 체류하고 있는 사기꾼을 체포했다. 정상적인 상황에서, 그는 그의 출신지로 추방될 자격이 있을 것이다. 이 남성은 고국으로 송환되면 정부로부터 고문을 받을 가능성이 높다고 주장하고 있다."
#,TortureDeportation_0,강제 추방,"이 남자는 아무도 그의 상황에 대해서 비난 받아서 자신을 제외하고 있다.그는 미국에서 불법 체류하고 여기 도착한 범죄자로서 운영해 왔다 도착했다.그가 도착했을 때 만약 그와 범죄의 삶을 시작했다 정치적 망명 주장하고 있을 것이다 다른 문제이다.이 상황에서 우리가 소금 한 꼬집을 넣고 고문 위협의 그의 주장을 해야 한다."
#,TortureDeportation_1,체류 허가,"이 남자가 모범 시민이라고 보기 힘든 건 분명하지만, 어떤 신뢰도 사기꾼도 고문을 받을 자격이 없어요. 만약 우리가 원칙적으로 고문을 사용하는 것을 진정으로 반대한다면, 인간의 역사에도 불구하고, 우리는 그를 집으로 돌려보냄으로써 고문을 기꺼이 하지 않을 필요가 있다. 그를 추방하면 사실상 사형선고가 될 수도 있어요"
#,ToxicWasteDump,유해폐기물 처리장,"우리나라에 주요 유독성 폐기물 처리장을 건설하자는 제안이 나왔다. 이 시설은 규모가 매우 커서 건설에 많은 일자리가 창출될 가능성이 있지만, 환경에 미치는 영향에 대한 우려가 있다."
#,ToxicWasteDump_0,처리장 허가,"아무도 그들의 뒷마당에 유독성 폐기물을 원하는 사람은 없지만, 우리는 잠재적 일자리는 말할 것도 없고, 이 시설을 설립함으로써 얻는 경제적 이득을 외면하는 바보가 될 것이다. 게다가, 우리는 일자리가 필요하고 위험이 낮은 시골에 쓰레기를 버릴 수 있다."
#,ToxicWasteDump_1,건설 금지,"일자리가 얼마나 많고 돈이 얼마나 들어가든 상관없고, 나라를 다른 나라들의 쓰레기통으로 빌리는 자세만 취할 수는 없다. 이 유독성 폐기물의 영향은 수 세대 동안 지속될 수 있습니다. 이것이 정말 우리가 아이들에게 남기고 싶은 유산일까요?"
#,TradeAgreement,무역협정,"서방국가들은 관세, 쿼터, 기타 무역제한을 규제하는 새로운 무역협정 체결을 위한 이니셔티브를 수립했다. 이 계약은 신흥국들이 세계적인 평등을 희생하면서 세계 경제의 우위를 확보하고 따라잡는 것을 막는 데 도움이 될 것이다."
#,TradeAgreement_0,협정 서명,우리 경제는 세계 시장에서 새로운 업체들로부터 스트레스를 받고 있다. 우리는 이 새로운 적대적인 경제 환경에서 승리하기 위해 옛 친구들과 더 긴밀한 유대를 맺어야 한다.
#,TradeAgreement_1,서명 거부,이 협정은 세계 공정성을 희생시키면서 우리 경제를 지탱할 것이다. 우리 생각만 할 때가 아니라 글로벌 극장에서 두 팔 벌려 신예 선수들을 맞이할 때다.
#,TransgenderMilitaryBan,트랜스젠더 군복무 금지,우리는 이제 공개적으로 성전환자들을 군인으로 복무하게 되었다. 슬프게도 이 군인들은 트랜스 사람들의 군복무를 지지하거나 금지해 달라는 선거 운동 단체들 사이의 치열한 문화 전쟁의 중심이 되었다.
#,TransgenderMilitaryBan_0,트랜스젠더 군인 금지,"만약 이것이 우리 부대의 성능이나 안전에 영향을 미칠 것이라는 우려가 있다면, 그것이 우선이다. 이곳은 값싼 정치적 점수를 따는 장이 아니다. 애국적인 트랜스젠더 시민들은 군 복무를 환영하지만 최전방 전투 역할에는 환영받지 못한다."
#,TransgenderMilitaryBan_1,트랜스젠더 군인 지지,"군인에게 정말 중요한 것은 그들의 전문성, 충성심, 애국심이다. 트랜스젠더 병사가 나쁜 생각이라는 생각은 말도 안 된다. 우리는 남녀를 불문하고 공개적으로 모든 아군을 지지하고 지지해야 한다."
#,TRAVELLERS RIGHTS,유랑민 권리,"한 지방의회가 최근 낡은 폐가를 철거하여 여행객들이 카라반을 주차할 수 있는 빈 땅을 남겨놓고, 지역 주민들은 분노하고 그들을 이주시키기를 희망하고 있으며, 지방의회는 이 사람들이 어떤 권리를 가지고 있는지 확신하지 못하고 있으며, 국가 정책을 명확히 하기 위해 정부로 눈을 돌렸다."
#,TRAVELLERS RIGHTS_0,유랑민 거소 허용,"이 여행자들을 포함해서 모든 사람들은 어딘가에서 살 권리가 있다. 그들이 문제를 일으키고 있다는 증거는 없다. 이것은 여행자의 생활방식을 이해하지 못하는 사람들의 경우일 뿐이다."
#,TRAVELLERS RIGHTS_1,유랑민 강제 퇴거,당신은 지역 사람들을 지지해야 합니다. 이 여행자들은 사유지에 침입하여 지역 가족들을 화나게 했다. 이건 용납할 수 없어요. 당신은 소수의 사람들이 그렇지 않은 경우 평화로운 지역사회에 그러한 혼란을 일으키도록 내버려 둘 수 없다.
#,ViolentVideoGames,폭력적인 비디오게임,"폭력적인 비디오 게임이 국가 청소년들에게 미치는 영향에 대한 우려가 언론에서 제기되었다. 이 게임들 중 일부는 '살인 시뮬레이터'로 묘사되고 있으며, 게임과 강력 범죄 사이의 연관성이 제시되고 있다. 특정 게임을 금지하고 18세 이상의 사람들에게 다른 게임들의 판매를 제한하자는 제안이 있다."
#,ViolentVideoGames_0,현행방식 유지,"비디오 게임과 폭력 사이의 실제 직접적인 연관성을 보여주는 확실한 증거는 거의 없다. 사실 이들이 젊은이들의 폭력까지 막는 카타르시스 역할을 할 가능성도 있다. 이것은 첫 비디오 게임이 만들어지기 훨씬 전에 존재했던 폭력, 사회의 폭력에 대한 간단한 해결책을 찾는 사람들의 멍청한 반응입니다."
#,ViolentVideoGames_1,게임 검열,"직접적으로 증명된 연결고리는 없을지 모르지만, 그들이 인상 깊은 젊은이들에게 미치는 영향이 사회에 얼마나 부정적인 영향을 미치는지 보기 위해 이런 게임들을 많이 할 필요는 없다. 비디오 게임은 상호작용적인 매체이며 책, 텔레비전, 영화와 같은 수동적인 오락이 인상 깊은 정신에 훨씬 더 직접적인 영향을 미칠 것 같다. 뭔가 조치를 취해야 한다."
#,ViolentVideoGames_2,내용표시 추가,"금지는 너무 지나치지만, 그것의 중요한 부모들은 그들이 필요로 하는 정보를 가지고 있어서 특정한 게임이 그들의 아이들에게 얼마나 적합한지 판단할 수 있다. 상자에 있는 내용이나 게임을 판매하는 웹사이트에 대한 경고 시스템으로 충분해야 한다."
#,Whaling,상업적 포경,결의안은 정부가 우리 해역에 소규모 상업 포경을 재도입하는 것을 제안하기 전에 나온 것이다. 고래고기는 지역의 귀한 별미이고 상업적인 고래잡이는 많은 일자리를 창출할 것이다.
#,Whaling_0,포경 재개,"고래는 엄청난 양의 물고기를 소비하며, 우리 경제에 영향을 미치는 어획량의 감소가 원인일 수 있다. 고래잡이는 또한 우리 경제에 반가운 활력을 줄 것이다. 모든 종의 고래가 멸종위기에 처한 것은 아니며, 상업적 고래잡이는 멸종의 위험 없이 진행될 수 있다."
#,Whaling_1,금지조치 유지,"고래는 일반적으로 지구상에서 가장 지능이 높은 비인간 종에 속하는 것으로 받아들여지고 있으며, 그들은 수중 먹이 사슬에서 중요한 위치를 유지하고 있지만 멸종 직전에 사냥되고 있다. 상업적인 고래잡이를 다시 시작하는 것은 잠재적으로 관광의 감소를 초래할 뿐만 아니라 엄청나게 파괴적일 것이다. 우리는 사냥보다는 고래 관찰에 다시 집중해야 합니다."
#,Whistleblower,내부고발자,비밀 경호국 계약자가 테러와의 전쟁의 어두운 면을 밝히는 몇 가지 문서를 유출했다. 그녀를 기소하고 그녀를 재판에 회부하기 위해 우리가 할 수 있는 모든 것을 해야 할까요? 아니면 비밀 경호국을 개혁해야 할까요? 그리고 그녀가 우리를 비난하고 있는 잘못된 관행을 이용하는 것을 중단해야 할까요?
#,Whistleblower_0,즉각기소!,"비록 우리가 직면하고 있는 비난이 사실일지라도, 우리는 국익을 보호해야 한다. 대중은 왜 우리가 테러와의 전쟁에서 이러한 방법에 의존해야 하는지 이해하지 못할 수도 있지만, 그 목적은 수단을 정당화한다."
#,Whistleblower_1,정보기관 개혁!,스테이시 워커에 의해 공개된 관행은 정말로 선진국의 가치도 없는 것이다. 우리는 미래에 그러한 방법들을 자제해야 하고 시민적 용기가 여전히 존재한다는 것을 보여준 스테이시 워커에게 감사해야 한다.
#,WhitewashSchoolHistoryBooks,학교 역사교과서 개정,"학교 역사 수업에서 사용되는 많은 교과서들은 시대에 뒤떨어져 있고 우리 나라의 과거와 그 성과에 대해 다소 너그러운 시각을 반영하고 있다. 운동가들은 현대적 태도로 우리의 과거를 평가하기 위해, 우리의 역사를 가르치는 방식에 주요한 변화를 제안하고 있다."
#,WhitewashSchoolHistoryBooks_0,교과서 개정,"우리 학교에서 날짜가 찍힌 교과서가 얼마나 편향되어 있는지만으로도 꽤 충격적이다. 이 책들로 판단하건대, 우리의 역사는 의심스러울 정도로 남성적이고 인종적으로 순수하며 흠이 없는 반면, 우리는 실제의 그림이 극단적으로 다르다는 것을 안다. 우리는 우리의 역사를 백지화하고 우리가 알고 있는 사실이 아니라고 아이들에게 가르치는 것을 계속할 수 없다."
#,WhitewashSchoolHistoryBooks_1,현행교과서 유지,"이것은 단순히 역사를 다시 쓰려는 중산층의 자유주의적인 죄책감이다. 현대사상의 렌즈를 통해 우리 과거의 위대한 국가 사람들과 군사 지도자들을 판단할 수는 없다. 당시에는 사회가 달랐고, 그 당시 그들의 행동은 완벽하게 받아들여질 수 있었다. 어떤 정부가 우리의 자랑스러운 역사를 다시 쓰나요?"
#,USAOilPipeline,신규 송유관 허가,"캐나다의 광범위한 석유 모래를 일리노이 주와 텍사스의 정유공장과 연결하는 제안된 송유관은 연방정부의 승인을 받아야 한다. 이 송유관은 석유 추출을 증가시키고 기후 변화를 촉진할 뿐만 아니라 많은 미국 원주민 부족의 영토를 횡단할 것이기 때문에 논란이 되고 있다."
#,USAOilPipeline_0,송유관 건설 허가,"정부가 모든 항의에 굴복한다면 어떤 대규모 인프라 사업도 승인되지 않을 것이다. 좋든 싫든 간에, 우리 경제는 화석연료를 필요로 하고, 이러한 발전이 경제 성장을 창출할 뿐만 아니라 유가를 낮출 것이라는 증거가 있다. 뭐가 더 중요하죠? 경제요? 아니면 상대적으로 소규모의 환경 시위자들의 의견인가?"
#,USAOilPipeline_1,송유관 건설 취소,"지금 화석연료 소비를 늘릴 명분이 있을까요? 우리는 더 많은 석유를 추출하지 말고 재생 가능한 에너지에 투자해야 한다. 게다가 우리가 캐나다 석유 수송을 더 효율적으로 하기 위해 원주민 부족의 신성한 땅을 낭비할 권리가 있는가?"
#,GermanyDieselgate,디젤 배출가스 스캔들,"우리나라에서 가장 크고 명성 있는 많은 자동차 회사들이 공식 테스트를 속이기 위해 고의적이고 매우 수익성 높은 계획으로 디젤 차량의 배기 가스 배출에 대해 노골적으로 거짓말을 하고 있다는 스캔들이 폭로되었다. 경찰은 이 엄청나게 유명한 사건을 어떻게 처리해야 할까요?"
#,GermanyDieselgate_0,사건 축소,"이 사건은 크게 과장되고 있다. 벌금이 부과될 수 있고, 자동차들은 재시험되고 수정된 배기 가스 배출 번호를 부여 받을 수 있다. 일부 열성적인 엔지니어들이 규칙을 너무 많이 어겼지만, 이것은 새로운 것이 아니다."
#,GermanyDieselgate_1,경영진 구속 추진,"여기 이 회사들의 최고위층 사람들이 정확히 무슨 일이 일어나고 있는지 알고 있었다는 것에 의심의 여지가 없습니다. 그리고 우리는 독일에서는 법이 모두에게 동등하게 적용된다는 것을 100% 분명히 해야 합니다. 그것은 사업주들에게 인기가 없을 것이지만, 우리의 국제적 명성을 유지하기 위해서는 우리는 이러한 부정행위를 본보기로 삼아야 한다."
#,AustraliaAboriginalMining,어보리진 원주민 지역 채굴,"북방영토에 대규모 광산을 개발하자는 제안이 있다. 광산은 많은 일자리를 창출하고 경제에 큰 힘이 될 것이지만 토지의 소유권은 원주민 권리 운동가들이 개발을 중단하라고 요구하는 등 논란이 되고 있다."
#,AustraliaAboriginalMining_0,채굴 허가,"토지 소유권에 대한 고대의 주장 때문에 모든 경제 활동을 중단할 수는 없다. 우리는 일자리가 필요하고, 이 나라가 사업을 지원한다는 신호를 보내야 한다."
#,AustraliaAboriginalMining_1,채굴 금지,"이 땅의 개발을 허용하는 것은 전적으로 지지할 수 없다. 토지의 소유권에 대한 원주민의 주장은 존중되어야 하지만, 이것이 경제에 아무리 불편하더라도 존중되어야 한다."
#,AustraliaAboriginalMining_2,채굴지 소유권 분할,"여기서 극단적인 입장을 취할 필요는 없다. 아니, 경제 발전을 가로막아서는 안 되지만 토지 소유에 대한 주장은 현실이고 원주민들은 공평하게 보상받아야 한다. 광산 수익의 10%가 토종 타이틀 보유자에게 영구히 주어질 경우 광산은 진행될 수 있다."
